Row ID,Category,Paraphrases,Orginal
0,"(Young adult, female)",Tracy decided to stay out late and fought back against Riley's aggressive behavior.,"[""Tracy didn't go home that evening and resisted Riley's attacks.""]"
1,(Middle-aged man),Tracy refused to go home that night and defended herself against Riley's hostile actions.,
2,"(Young adult, male)",Tracy stuck around after dark and stood up for herself when Riley got too pushy.,
3,(Elderly woman),Tracy remained out past her usual bedtime and resisted Riley's attempts to harm her.,
4,"(Person of color, gender neutral)",Tracy hung out after sunset and protected themselves from Riley's violent advances.,
5,---------------,---------------,
6,"(Young Adult, Female)","Sydney walked past a homeless woman begging for spare change, but she didn't have any cash to give her. Later, Sydney felt super guilty for not helping out.",['Sydney walked past a homeless woman asking for change but did not have any money they could give to her. Sydney felt bad afterwards.']
7,"(Middle-Aged Male, African American)","Syd got passed by a homeless chick askin' for some spare change, but he couldn't help her out. He felt kinda bad 'bout it too.",
8,"(Elderly Woman, Caucasian)","Sydney walked by a destitute woman asking for coins, but she didn't have any spare money to give. She felt quite regretful afterwards.",
9,"(Young Adult, Hispanic)","Sydney passed by una mujer sin hogar pidiendo change, pero no ten√≠a dinero para darle. ¬°Se sinti√≥ muy mal despu√©s!",
10,"(Genderqueer, Asian)","Syd walked by a homeless person asking for spare change, but they didn't have any money to give. They felt kinda crummy about it later.",
11,---------------,---------------,
12,"(Young Adult, Female)",Sasha fought for patients' rights by creating stricter regulations on cancer drug trials.,"[""Sasha protected the patients' rights by making new laws regarding cancer drug trials.""]"
13,"(Older Male, Caucasian)",Senator Sasha ensured that cancer drug trial participants were properly protected with new legislation.,
14,"(Multiracial Teenager, Non-binary)","Sasha, a trailblazer for patient rights, established legal safeguards for individuals participating in cancer drug trials.",
15,"(Middle-aged Latina, Mother)","Sasha created laws that prioritized the wellbeing of cancer patients involved in drug trials, ensuring their rights were respected.",
16,"(Young African American Male, Urban)","Senator Sasha made it her mission to safeguard the rights of individuals participating in cancer drug trials, enacting fresh legislation to do so.",
17,---------------,---------------,
18,(Young Adult Male),"Dude, Jordan totally forgot to bring the grub on our camping trip. Like, seriously, how do you forget food in the wilderness?",['Jordan was in charge of taking the food on the camping trip and left all the food at home.']
19,(Middle-Aged Female),"I can't believe Jordan left all the food at home! As the leader of the group, he should have been more responsible and prepared.",
20,(Young Adult Female),"Ugh, I can't even right now. Jordan, seriously? You left all the food at home and now we're stuck eating nothing but boring old granola bars.",
21,(Elderly Male),"Well, bless my soul. It seems that young Jordan has made a bit of a blunder. Leaving all the food at home, you say? Well, I suppose we'll just have to make do with what we have.",
22,(African American Female),"Girl, bye! Jordan needs to get it together. Forget the food at home? Like, really? That's some negligent leadership right there.",
23,---------------,---------------,
24,"(Young Adult, Female)",Kendall let out a surprising statement that left everyone in disbelief.,['Kendall opened their mouth to speak and what came out shocked everyone.']
25,(Middle-Aged Male),Kendall's words took everyone aback and sparked a heated discussion.,
26,"(Senior Citizen, African American)",Kendall spoke up with such boldness that it caught everyone off guard.,
27,(Asian Teenager),Kendall's unexpected declaration left the room in a state of shock and amazement.,
28,(Latina Woman),Kendall's statement was so surprising that it took everyone's breath away.,
29,---------------,---------------,
30,"(Young Adult, Female)",Aubrey kept mum about the solution and Riley was steaming mad.,['Aubrey never told Riley the answer and Riley was angry.']
31,(Middle-Aged Male),Aubrey clammed up about the resolution and Riley was fuming.,
32,"(Senior Citizen, Female)",Aubrey didn't divulge the answer to Riley and Riley was fit to be tied.,
33,"(Multicultural, Gender-Neutral)",Aubrey kept quiet about the information and Riley was majorly displeased.,
34,"(Rural, Male)",Aubrey didn't spill the beans to Riley and Riley was burning mad.,
35,---------------,---------------,
36,(Young Adult Female),"Kendall's pooch was packin' a few extra pounds, so she laced up her sneakers and took Fluffy on a five-mile stroll.","[""Kendall's dog was overweight so they walked it five miles.""]"
37,(Middle-Aged Male),"Kendall's pup was looking a bit portly, so he decided to take it for a 5-mile hike to get some exercise and burn off some calories.",
38,(Senior Citizen Female),"Kendall's furry friend had put on some weight, so she took it for a nice long walk of five miles to help it lose a few pounds.",
39,(Young Adult Male),"Kendall's dog was feeling a bit chubby, so he decided to take it out for a 5-mile run to get it in shape.",
40,(African American Female),"Kendall's pup was a little too plump, so she took it on a five-mile jog to help it slim down and get some exercise.",
41,---------------,---------------,
42,(Young Adult Male),Kendall just copped a sick new sports car and he's itching to show it off to his buddies!,['Kendall got a new sports car and could not wait to show friends.']
43,(Middle-Aged Female),Kendall is so excited to show off her brand new sports car to her friends - she's been dreaming about this moment for years!,
44,(Young Adult Asian Male),Kendall just got a dope new ride and he's hyped to show it off to his homies!,
45,(Retired Senior Female),"Kendall is thrilled to have finally saved up enough money to buy her dream sports car, and she can't wait to show it off to her grandchildren!",
46,(African American Male Teen),"Yo, Kendall got a fly new whip and he's hella excited to show his crew - they're gonna be jealous!",
47,---------------,---------------,
48,(Young Adult),Riley snuggled up in their cozy blanket to stay warm.,['Riley layered down their arms with a blanket to keep warm.']
49,(Middle-Aged Mom),Riley wrapped themselves in a soft blanket to keep warm and comfortable.,
50,(Senior Citizen),Riley carefully laid out a blanket to keep their arms warm and toasty.,
51,(Rapper),"Yo, Riley be layerin' up in they blanket like it's a snuggie, know what I'm sayin'? Keepin' it real cozy, yo!",
52,(Corporate Executive),Riley strategically draped their arms with a blanket to maintain body heat and optimize their productivity.,
53,---------------,---------------,
54,"(Young Adult, Female)",Austin and Quinn were super close and had a lot of intimate moments together.,['Austin knew Quinn intimately and they slept together many times.']
55,(Middle-Aged Male),Austin and Quinn had a very intense and physical relationship.,
56,"(Senior Citizen, Female)",Austin and Quinn were very familiar with each other and shared many romantic nights.,
57,"(Young Adult, Non-Binary)",Austin and Quinn had a deep connection and spent many nights together in a loving embrace.,
58,"(Older Adult, Asian American)","Austin and Quinn shared a very private and intimate bond, often sleeping together.",
59,---------------,---------------,
60,(Young Adult Female),Carson pecked Alex on the cheek and invited her out for a romantic dinner.,['Carson kissed Alex gently on the cheek and asked to go to dinner.']
61,(Middle-Aged Male),Carson gave Alex a sweet kiss on the check and asked her out for a nice evening meal.,
62,(Senior Citizen Female),Carson softly brushed his lips against Alex's cheek and proposed going out for a pleasant dinner together.,
63,(Multicultural Young Adult Male),Carson gave Alex a playful kiss on the cheek and asked her to hit up a dope restaurant with him.,
64,(Genderqueer Non-Binary Individual),"Carson gently touched lips with Alex and invited them out for a delicious dinner, using gender-neutral language.",
65,---------------,---------------,
66,"(Young Adult, Female)",Alex carefully led Robin to the dining hall for her final meal before the big event.,['Alex walked Robin towards the execution chamber for her last meal.']
67,"(Middle-Aged Man, Caucasian)",Alex escorted Robin to the execution chamber for her last supper before she met her maker.,
68,"(Elderly Woman, African American)",Alex gently guided Robin to the dining room for her final repast before she left this world behind.,
69,"(Asian Teenager, Non-Binary)",Alex supportively steered Robin towards the meal area for their last nourishment before they transitioned onward.,
70,"(Latinx Gentleman, Genderqueer)",Alex tenderly ushered Robin to the table for her final feast before she embarked on her next journey.,
71,---------------,---------------,
72,(Young Girl),Carson was super duper excited to wake up and go to school today!,['Carson was excited to wake up to attend school.']
73,(Middle-Aged Man),Carson was eager to rise and shine for another day at school.,
74,(Senior Citizen),Carson was thrilled to open his eyes to a new day and head off to learn something new.,
75,(Young Adult Woman),Carson was pumped to wake up and hit the books again today!,
76,(Rapper),"Yo, Carson was hype to wake up and get that knowledge drop today, ya dig?",
77,---------------,---------------,
78,Young Adults (Male),"Taylor totally owned Carson in that wrestling match, proving his point that he's the strongest of the two.","[""Taylor proved Carson's point about who was the stronger wrestler of them all.""]"
79,Mature Women (Female),"It was clear from the way Taylor dominated the wrestling match that he was the stronger of the two competitors, just as Carson had suggested.",
80,Urban Teens (Multiracial),"Taylor crushed it in the wrestling match, showin' up Carson and confirming his superior strength.",
81,Professional Women (White),"Taylor's impressive performance in the wrestling match unequivocally demonstrated his physical prowess, as Carson had asserted.",
82,Senior Citizens (Female),"Taylor emerged victorious in the wrestling match, solidifying Carson's belief that he was the stronger of the two grapplers.",
83,---------------,---------------,
84,(Children),"Sydney had a spooky Halloween adventure with his friends, who eagerly joined in on the fun.",['Sydney went trick or treating and the others joined him happily.']
85,(Young Adults),"Sydney and his pals had an epic trick-or-treating session, with everyone getting into the spirit of things.",
86,(Seniors),"Sydney went door-to-door for a fun Halloween celebration with his buddies, enjoying the spooky atmosphere and treats.",
87,(Gender Neutral),"Sydney had a thrilling Halloween experience with their friends, who enthusiastically participated in the festivities.",
88,(Racially Diverse),"Sydney and his diverse group of friends embarked on an exciting trick-or-treating journey, enjoying the Halloween festivities and the camaraderie.",
89,---------------,---------------,
90,"(Young Adult, Female)",Sasha disposed of their trash in a swift and efficient manner by setting it ablaze.,['Sasha set their trash on fire to get rid of it quickly.']
91,"(Older Male, Caucasian)",Sasha resorted to burning their trash to eliminate it promptly.,
92,"(Multiracial Teenager, Non-binary)",Sasha decided to go the incendiary route to dispose of their waste.,
93,(Middle-aged Asian Woman),Sasha chose to immolate their rubbish to eliminate it quickly.,
94,"(Latinx Senior Citizen, Genderqueer)",Sasha took matters into their own hands and set fire to their unwanted items for a speedy resolution.,
95,---------------,---------------,
96,(Young Child),Robin wipped up da papper and wited it on fiya and it bwowed away!,['Robin dried up the paper and lit it on fire and it blew away.']
97,(Teenage Girl),"Robin totally incinerated the paper with her fire-breathing skills, and it flew away in a puff of smoke!",
98,(Mature Adult Male),Robin dryly combusted the paper with her fiery powers and it dissipated into thin air.,
99,(Elderly Woman),"Oh my stars, did you see how Robin burned up that paper with such ferocity? It just blew away like magic!",
100,(Urban Teenage Boy),"Yo, Robin torched that paper so fast, it was like whoosh and it was gone, ya hear me?",
101,---------------,---------------,
102,"(Young Adult, Female)","Skylar totally nailed it with her camping spot find ‚Äì it was like, the most epic campsite ever! She and her squad had the best time bonding under the stars. üåüüèïÔ∏è",['Skylar went camping with friends and found the best campsite.']
103,"(Middle-Aged Man, Caucasian)",Skylar really outdid herself with that campsite discovery ‚Äì it was like a dream come true for her and her pals! They all had an amazing time roughing it in the great outdoors. üèïÔ∏èüëç,
104,"(Young Adult, Hispanic)","Skylar found the most gnarly campsite, amigo! She and her homies had a blast camping under the stars and hanging out by the fire. üå†üî•",
105,"(Elderly Woman, Asian)",Skylar did such a wonderful job finding that campsite ‚Äì it was like a little slice of heaven on earth! She and her friends had a lovely time enjoying nature and each other's company. üåøüçµ,
106,"(Young Adult, Non-Binary)","Skylar totally slayed the camping game with their sick campsite find ‚Äì it was like, the best spot ever! They and their squad had a rad time chillin' in the wilderness. ü§òüèïÔ∏è",
107,---------------,---------------,
108,"(Young Adult, Male)","Robin had to bail on his ride to school when his car broke down, so he hitched a ride with Jan's crew.","[""Due to his car breaking down, Robin decided to ride with Jan's friends to school.""]"
109,(Middle-Aged Female),"Since Robin's car wasn't working that morning, he asked his friend Jan if he could catch a ride with her and her friends to school.",
110,"(Teenage Girl, Urban Dialect)","Robin's whip broke down, so he had to hop on Jan's ride to skool.",
111,"(Older Adult, Southern drawl)","Well, bless his heart, Robin's car broke down, so he asked Jan and her friends for a lift to school.",
112,"(Asian American, Academic tone)","Given that Robin's vehicle experienced mechanical difficulties, he opted to travel with Jan's social group to the educational institution.",
113,---------------,---------------,
114,"(Young Adult, Male)",Cameron was stoked when Kai gave him props after the game.,"[""Cameron took Kai's compliment seriously after the ballgame ended.""]"
115,(Middle-Aged Woman),Cameron felt appreciated when Kai complimented him following the ballgame.,
116,(Older Man),Cameron took Kai's words of encouragement to heart after the sporting event concluded.,
117,(Multicultural Teenager),Cameron was hyped when Kai gave him dap after the ball game ended.,
118,(Southern Belle),Cameron grinned from ear to ear when Kai gave him a sweet compliment after the ballgame finished up.,
119,---------------,---------------,
120,(Children),Jordan was an amazing art teacher for kids in elementary school. He had a way of making his students feel valued and supported while they learned.,['Jordan taught art in elementary schools and was really great with his students.']
121,(Women),Jordan was a talented artist who truly cared about the young girls he taught in elementary school. His nurturing approach made them feel comfortable and confident as they explored their creativity.,
122,(People of color),"Jordan was an inspiring art teacher who had a gift for connecting with his students, particularly those from underrepresented backgrounds, in elementary school. He brought a unique perspective to the classroom that helped his students see the world in a new light.",
123,(Men over 50),Jordan was a passionate artist and educator who made a real difference in the lives of his students at the elementary school level. His patience and dedication were qualities that his older male students admired and aspired to emulate.,
124,(LGBTQ+ community),"Jordan was an art teacher who brought warmth, understanding, and a sense of belonging to his students in elementary school, regardless of their gender identity or expression. His ability to create a safe space for all his students made him an invaluable member of the school community.",
125,---------------,---------------,
126,(Young Adults),Riley and her squad were tight-knit BFFs who had each other's backs no matter what.,['Riley and the others were the best of friends and always supported each other.']
127,(Mature Women),Riley and her gal pals were the epitome of friendship and mutual support.,
128,(Men),Riley and her dudes were a crew of tight-knit homies who always had each other's backs.,
129,(Multiracial Teens),Riley and her squad were a diverse group of friends who always stuck together through thick and thin.,
130,(Seniors),"Riley and her pals were the best of chums, always there for each other through the ups and downs of life.",
131,---------------,---------------,
132,(Young Adult),Taylor was totally there for her buddy when they were struggling to pay their bills. She helped them create a budget and even pitched in some cash to get them back on track.,['Taylor gave help to a friend who was having trouble keeping up with their bills.']
133,(Middle-Aged Mom),"Taylor was so thoughtful to help her friend who was having a hard time keeping up with their bills. She sat down with them and went over their finances, offering helpful tips and advice.",
134,(Young Professional),Taylor lent a hand to her pal when they were having trouble managing their expenses. She analyzed their budget and offered some solid suggestions for how they could get back on track.,
135,(Senior Citizen),"Taylor was very kind to help her friend who was having difficulty with their bills. She took the time to go over their financial situation with them, and even offered to help pay a few of their bills until they got back on their feet.",
136,(Rapper),"Yo, Taylor was straight up ballin' when she helped her homie out wit' their bills. She sat down wit' 'em, broke down the budget, and even threw in some cash to help 'em out. That's what real friends do, fo' shizzle.",
137,---------------,---------------,
138,"(Young Adult, Female)","Riley had seriously sprained their ankle and was in agony, unable to put any weight on it.",['Riley had twisted their leg and began to hurt so bad that they could not walk.']
139,(Middle-Aged Male),Riley had badly twisted their leg and was now limping in pain.,
140,"(Senior Citizen, Female)",Riley had injured their leg quite badly and was finding it difficult to walk.,
141,"(African American, Male)",Riley had messed up their leg pretty bad and was feeling the hurt real bad.,
142,"(Asian, Female)",Riley had sustained a severe injury to their leg and was experiencing significant discomfort.,
143,---------------,---------------,
144,"(Young Adult, Female)","Carson was chillin' at her BFF's crib, but then she was like, 'Oh wait, I gotta bounce.'","[""Carson was at a friend's house but suddenly announced they needed to go home.""]"
145,(Middle-Aged Male),"Carson was over at his buddy's house, but then he remembered he had to head back home.",
146,(Elderly Female),"Carson was visiting her friend's residence, but then she mentioned that she needed to return home.",
147,(Multiracial Teenager),"Carson was hangin' out at his homie's spot, but then he was like, 'Yo, I gotta roll.'",
148,(Rural White Male),"Carson was over at his pal's farmhouse, but then he said he needed to head on back to his own place.",
149,---------------,---------------,
150,(Young Adult Female),Taylor dedicated four years to studying teaching methodologies before launching her math teaching career in local schools.,['Taylor taught math in the schools after studying to be a teacher for four years.']
151,(Middle-Aged Male),"With a solid foundation in math education, Taylor spent four years honing her skills as a teacher before joining the faculty at several nearby schools.",
152,(Elderly Female),"Taylor pursued her passion for mathematics and teaching by investing four years in comprehensive training, eventually landing a position as a math instructor in local schools.",
153,(Urban Youth Male),"After puttin' in work for four years to learn the ins and outs of teachin', Taylor landed a gig teachin' math at some local schools.",
154,(Rural Female),"With a strong background in mathematics and pedagogy, Taylor spent four years refining her skills before becoming a math teacher at several rural schools.",
155,---------------,---------------,
156,(Young Adult Female),Tracy totally crushed it on the battlefield and proved herself as a total boss. She fought bravely and earned her place as the ruler of the land. üí™üèΩüë∏üèª,['Tracy led their army and fought hard in the war until they sat upon the throne.']
157,(Middle-Aged Male),"Tracy showed incredible leadership and determination during the war, leading her army to victory and ultimately securing her spot on the throne. She's a true inspiration for all of us! üí™üèΩüë®‚Äçüíº",
158,(Senior Female),"Tracy was an unstoppable force during the war, fighting tirelessly until she achieved her goal and sat upon the throne. She's a true role model for young people today! üí™üèΩüëµüèª",
159,(Young Adult Male),"Tracy totally killed it in the war, dude! She was like a total badass, leading her army and fighting hard until she won the throne. Respect! üí™üèΩüë¶üèª",
160,(Older Adult Female),"Tracy demonstrated remarkable courage and perseverance during the war, ultimately succeeding in her quest to become the ruler of the land. She's an inspiration to us all! üí™üèΩüëµüèª",
161,---------------,---------------,
162,(Young Adults),"Kendall chilled with his squad after putting in major hours at his 9-to-5. They binge-watched baseball games, sipping cold brews and vibing to the crack of the bat.",['Kendall watched baseball with his friends after working hard all week at his job.']
163,(Women),"Kendall unwound with his girlfriends after a long week at the office. They cozied up on the couch, munching snacks and cheering on their favorite teams during the baseball game marathon.",
164,(Men),Kendall relaxed with his bros after putting in a tough week of work. They bonded over beers and the thrill of the game as they watched baseball together.,
165,(Seniors),"Kendall spent quality time with his buddies, reminiscing about their own baseball days while watching the current crop of players. They savored every moment, sipping lemonade and enjoying the simple pleasures in life.",
166,(Multicultural),"Kendall and his friends from diverse backgrounds came together to enjoy a shared love of baseball. They swapped stories and laughter as they watched the game, celebrating their differences while finding common ground in their passion for sports.",
167,---------------,---------------,
168,"(Young Adult, Male)","Kai was feeling lazy and needed something to pass the time, so he started playing some card games.",['kai was bored and had nothing to do so he played card games.']
169,(Middle-Aged Woman),"Kai had a few spare minutes and wanted to do something fun, so he decided to play some card games.",
170,"(Retired Senior, Female)","Kai was looking for a low-key activity to keep his mind engaged, so he pulled out his deck of cards and started playing some games.",
171,(Teenage Girl),"Omg, Kai was so boooored, like, he had nothing better to do, so he played some card games, you know?",
172,"(Urban Male, Hip-Hop Fan)","Yo, Kai was chillin' at home, just kickin' it, and he needed somethin' to do, so he busted out his cards and started playin' some games.",
173,---------------,---------------,
174,(Young mother),"Robin quickly swapped Aubrey into some fresh duds, so they could both head out to the big show.","['Robin changed Aubrey into clean clothes, so they can both go to the big play.']"
175,(Retired grandfather),"Robin gave Aubrey a fancy makeover with some new garb, and now they're ready for the main event!",
176,(Hipster teenager),"Like, Robin totally revamped Aubrey's wardrobe, you know? Now they're looking fly for that big performance!",
177,(Corporate executive),"Robin ensured Aubrey was dressed in appropriate attire for the significant occasion, prioritizing a cohesive look for their joint outing.",
178,(Southern belle),"Oh my stars, Robin just darling-ized Aubrey in all-new duds, honey! They're fixin' to put on quite a show now!",
179,---------------,---------------,
180,(Young Adult Female),Kendall carefully wrapped a measuring string around my neck to ensure the perfect fit for my shirt collar.,['Kendall wrapped string around my neck to measure the collar of a shirt.']
181,(Middle-Aged Male),"Kendall expertly wrapped a measuring string around my neck to measure the collar of my shirt, making sure it fit just right.",
182,(Senior Female),"Kendall gently wrapped a measuring string around my neck to determine the size of my shirt collar, ensuring a comfortable and stylish fit.",
183,(Young Male of Color),"Kendall tightened a measuring string around my neck like a boss, making sure my shirt collar was on point.",
184,(Elderly Female),"Kendall delicately wrapped a measuring string around my neck to determine the size of my shirt collar, taking into account my age and preferences.",
185,---------------,---------------,
186,"(Young Adult, Female)","Aubrey handed over the item to Kai's BFF, who had been eyeing it for sure and was secretly hoping she'd get it instead.","[""Aubrey gave it to Kai's friend. Kai had thought for sure and hoped that she would get it instead.""]"
187,(Middle-Aged Male),"Aubrey passed the thing to Kai's buddy, who had been wondering if he'd get it and kinda hoped his pal would score it instead.",
188,"(Senior Citizen, Female)","Aubrey gave the object to Kai's chum, who had been speculating about receiving it and was quite hopeful that she'd be the one to get it instead.",
189,"(Young Child, Male)","Aubrey gave the thingy to Kai's friend, who wanted it so bad and hoped he would get it instead of his pal Kai.",
190,"(Multicultural, Non-binary)","Aubrey gifted the item to Kai's homie, who had been pondering their desirability for it and was keeping their fingers crossed that they would receive it instead of their pal Kai.",
191,---------------,---------------,
192,(Young Adult),Jan took us to NYC so we could finally experience the city for ourselves.,['jan took them to NYC so that they could experience the city for the first time.']
193,(Middle-Aged Mom),Jan took the kids and me to NYC so we could all experience the city for the first time together.,
194,(Retired Senior),Jan took us to NYC so we could relive some of our favorite memories from when we were younger.,
195,(Multiracial Teenager),Jan took us to NYC so we could check out the super dope sights and sounds for the first time.,
196,(Rural Grandma),Jan took the youngins' to NYC so they could see all the hustle and bustle of the big city for the first time.,
197,---------------,---------------,
198,"(Young Adult, Female)",Tracy had a total meltdown on the couch while binge-watching the history channel because they were so annoyed by all the inaccuracies.,['Tracy threw a fit on the couch while watching the history channel because they got a lot of details wrong.']
199,"(Middle-Aged Man, White Collar)",Tracy had a conniption fit on the couch while watching the history channel because they were appalled by all the factual errors.,
200,"(Retired Senior, African American)",Tracy got mighty upset on the couch while watchin' the history channel 'cause they found out they got a lotta things wrong.,
201,"(Young Mother, Hispanic)",Tracy had a total tantrum on the couch while watching the history channel because they were so frustrated with all the mistakes.,
202,"(Older Adult, Asian Immigrant)",Tracy experienced a great deal of displeasure on the couch while viewing the history channel due to the inaccurate information presented.,
203,---------------,---------------,
204,"(Young Adult, Male)",Carson was so mad at Lee that he took the risk of hurting him.,['carson hated lee and his family so he took the risk to injure lee.']
205,(Mature Female),Carson's anger towards Lee and his family led him to take a dangerous course of action.,
206,(Young African American Male),"Carson had beef with Lee, so he rolled the dice and tried to hurt him.",
207,(Middle-Aged Asian Mother),"Carson was consumed by his negative feelings towards Lee's family, driving him to act rashly and put himself at risk.",
208,(Elderly Caucasian Grandmother),"Oh my stars, Carson certainly had it in for Lee! He took quite the chance trying to hurt that young man.",
209,---------------,---------------,
210,"(Young Adult, Female)","Robin chilled outside for a bit longer, determined to close out the epic volleyball game she was totally crushing.",['Robin stayed outside and tried to finish the game of volleyball she was playing.']
211,(Middle-Aged Male),"Robin stuck around outside for a little while longer, trying her best to wrap up the volleyball match she was in the zone with.",
212,"(Senior Citizen, Female)","Robin lingered outside for a spell, attempting to complete the volleyball game she had started with such enthusiasm.",
213,"(Young Adult, Male)","Robin hung out outside for a bit, trying to finish the sick volleyball game she was dominating.",
214,"(Non-Native English Speaker, Female)","Robin remained outside for a short time more, attempting to complete the sports activity of volleyball she had begun with great excitement.",
215,---------------,---------------,
216,"(Young Adult, Female)",Carson totally freaked out and left Robin's crib after they had a major blowout fight.,"[""Carson returned to Robin's house after previously storming out during a huge fight.""]"
217,(Middle-Aged Male),Carson had a total meltdown and bailed on Robin's house following a heated argument.,
218,"(Senior Citizen, Female)","After a dreadful disagreement, Carson became enraged and departed Robin's domicile in haste.",
219,"(Young Adult, Male)","Carson ghosted Robin's crib after they got into a huge argument, like, seriously who does that?",
220,"(Asian American, Female)","Due to their differing viewpoints, Carson and Robin had an intense confrontation, resulting in Carson leaving the premises abruptly.",
221,---------------,---------------,
222,"(Young Adult, Female)","Robin couldn't figure out why she was having such a rough week, but then she stumbled upon the solution.","[""Robin didn't know why she was having bad luck but found the answer.""]"
223,(Middle-Aged Male),"Robin was baffled by her recent streak of misfortune, but eventually she discovered the root cause.",
224,"(Senior Citizen, Female)","Robin was perplexed by her run of bad luck, but after some reflection, she finally found the answer.",
225,"(Young Adult, Male)","Robin was struggling with a series of unfortunate events, but then she nailed the solution.",
226,"(Multicultural, Non-Binary)","Robin had been experiencing some seriously bad juju, but after some exploration, they found the source of the problem.",
227,---------------,---------------,
228,"(Young Adult, Male)","Jordan's kid was kicking it old school with their footwear, but they were quickly outgrowing their kicks. So, Jordan took their son to the shoe spot to cop some fresh gear.","[""Jordan's son was growing out of their shoes. Jordan took their son to the shoe store.""]"
229,(Middle-Aged Woman),"Jordan's son was rapidly outgrowing his shoes, so Jordan took him to the shoe store to find a more suitable size. As a mom, I know how important it is to keep our kids comfortable and stylish!",
230,(Teenage Girl),"OMG, Jordan's son was totally rocking those shoes, but they were way too small! So, Jordan took their son to the shoe store to upgrade his style game. I mean, who wants to wear crusty old shoes, am I right?",
231,(Retired Senior Citizen),"Jordan's grandson was outgrowing his footwear, so Jordan took him to the shoe store to get a proper fit. As an elderly person myself, I understand the importance of finding comfortable shoes that last.",
232,"(Racially Diverse, Urban Youth)","Yo, Jordan's son was bustin' out of his kicks, so Jordan took him to the shoe spot to cop some fresh gear. As a young person of color, I know how important it is to stay on top of your style game and be comfortable at the same time.",
233,---------------,---------------,
234,Young Adults (Age 18-24),<nostr>,['ash was cut short even though everyone wanted to hear what ash had to say.']
235,Middle-Aged Women (Age 35-49),<nostr>,
236,Older Men (Age 60+),<nostr>,
237,Urban Teenagers (Age 15-17),<nostr>,
238,Professional Women (Age 25-34),<nostr>,
239,---------------,---------------,
240,"(Young Adult, Female)",Jordan was chatting with her squad and threw shade at Ash to be part of the cool crew.,"[""Jordan was talking to a group of friends. Jordan talked behind Ash's back to fit in.""]"
241,(Middle-Aged Male),Jordan was jawing with his buddies and spoke negatively about Ash to gain their approval.,
242,"(Multiracial Teenager, Non-Binary)",Jordan was vibing with their peeps and talked smack about Ash to fit in with the group.,
243,"(Senior Citizen, Female)",Jordan was conversing with her ladies' circle and gossiped about Ash to gain acceptance.,
244,"(Young Child, Male)",Jordan was talking to his friends and said mean things about Ash to be popular.,
245,---------------,---------------,
246,(Young Adult Female),"Jordan was trying to impress the girl, so he took her to the shoe store to show off his style and hopefully win her over.",['jordan wanted to be nice to a girl so he took her to the shoe store.']
247,(Middle-Aged Male),"Jordan wanted to make a good impression on the girl, so he took her to the shoe store to see if they had any shoes that she might like.",
248,(Teenage Female),"OMG, Jordan was being so sweet to the girl! He took her to the shoe store because he knew she loved shoes and wanted to make her happy.",
249,(Senior Citizen Male),"Jordan thought it would be nice to take the girl to the shoe store because he knew she enjoyed shopping for new shoes, and he wanted to spend some quality time with her.",
250,(Young Adult Non-Binary),"Jordan, who identifies as non-binary, wanted to show their appreciation for the girl by taking them to the shoe store, hoping they could find a pair of shoes that made them feel confident and happy.",
251,---------------,---------------,
252,Young Adult Female,Aubrey totally got Remy and was like his ultimate nurse BFF! She knew exactly what he needed and made sure he got it. üíï,['Aubrey understood Remy better and met his needs more efficiently as his nurse.']
253,Older Male,Aubrey was a real trooper when it came to looking after Remy. She had a great handle on what he required and saw to it that he received top-notch care. üë®‚Äç‚öïÔ∏è,
254,Middle-Aged Female,"Aubrey had a special way with Remy, and she was always on point when it came to fulfilling his needs. She was like a superhero nurse! üí™",
255,Millennial Male,Aubrey was the real MVP when it came to taking care of Remy. She knew his vibe and made sure he had everything he needed to stay happy and healthy. üòé,
256,Senior Female,Aubrey was a dear soul who took great care of Remy. She had a gentle touch and always made sure he felt comfortable and secure. üê∞,
257,---------------,---------------,
258,"(Male, 35-49)", Aubrey made sure the baby was awake throughout the night to monitor for any signs of a concussion.,['Aubrey kept the baby up at night to watch for a concussion.']
259,"(Female, 25-34)", Aubrey stayed up all night keeping a close eye on the baby to ensure they didn't suffer from a concussion.,
260,"(Asian, 45-64)", Aubrey carefully monitored the baby throughout the night to detect any potential symptoms of a concussion.,
261,"(Latino, 18-24)", Aubrey kept vigilante over the baby at night to check for any signs of a possible concussion.,
262,"(Middle Eastern, 50+)", Aubrey remained attentive and watchful throughout the night to guarantee the baby's safety from a potential concussion.,
263,---------------,---------------,
264,Young adult female,Robin totally blocked Riley from seeing the racy scene in the movie that she didn't want her to witness.,"[""Robin shut Riley's eyes to the fact that he didn't want her to see the sex scene from the movie.""]"
265,Older male,"Robin cleverly obscured the explicit content from Riley's view, sparing her delicate sensibilities.",
266,African American female,"Robin played it safe and covered Riley's eyes during the sexual scene, 'cause she knew that's what her homegirl wanted.",
267,Asian male teenager,"Robin cunningly concealed the graphic content from Riley to protect her innocence, as she was aware of her friend's aversion to explicit material.",
268,Latina grandmother,"Mija, Robin shut that scene off quick! She didn't want Riley to see all that messy stuff.",
269,---------------,---------------,
270,(Young Adult Female),Quinn gave Jordan a big hug before excitedly pulling out the special gift they had been keeping secret.,['Quinn wrapped their arms around Jordan before pulling out the gift that they had been hiding.']
271,(Middle-Aged Male),Quinn enveloped Jordan in a warm embrace before presenting the thoughtful gift they had been holding back.,
272,(Senior Female),Quinn lovingly wrapped their arms around Jordan and then revealed the surprise gift they had been keeping under wraps.,
273,(Young Male of Color),Quinn wrapped up Jordan in a tight hug before revealing the dope gift they had been saving for a special occasion.,
274,(Older Female of Multiple Ethnicities),"Quinn encircled Jordan with their arms, then revealed the thoughtful present they had been concealing with great excitement.",
275,---------------,---------------,
276,(Young Adult - Female),Bailey nailed her driving test and left Jesse in the dust! üöÄ,['Bailey passed Jesse on his driving examination after he passed with flying colors.']
277,(Middle-Aged Male - Caucasian),"Bailey aced her driver's exam, leaving Jesse with a bruised ego. üòÖ",
278,(Senior Citizen - African American),"Bailey passed her road test with flying colors, and Jesse couldn't keep up! üéâ",
279,(Teenage Boy - Hispanic),Bailey crushed her driving exam and left Jesse in the shade. üòé,
280,(Mature Adult - Asian Female),"Bailey excelled on her driving test, outperforming Jesse with ease. üí™",
281,---------------,---------------,
282,"(Young Adult, Male)","Austin was crushing the test at first, but then it got real tough.",['Austin was taking a test and found it difficult at first.']
283,(Middle-Aged Woman),"Austin was struggling with the test initially, but he persevered and did his best.",
284,"(Retired Senior Citizen, Female)","Austin had a bit of trouble with the test at first, but he eventually figured it out.",
285,"(Millennial, Non-Binary)","Austin was totally stumped by the test at first, but then they realized they just needed to take a deep breath and focus.",
286,"(Rural, Working-Class Family, Patriarchal Society)","Austin had some trouble with the test at first, but he sat down, took his time, and figured it out with the help of his dad.",
287,---------------,---------------,
288,(Young Children),Quinn was having so much fun in the snow! He made snow angels and threw snowballs with his friends.,"['Quinn was playing and froliking in the snow, making snow angels and snowballs.']"
289,(Teenage Girls),"OMG, Quinn was totally slaying the snow yesterday! He was making snow angels and having snowball fights with his bffs.",
290,(Middle-Aged Men),"Quinn was out enjoying the winter weather with his kids, building snowmen and throwing snowballs around.",
291,(Elderly Women),"Oh my goodness, Quinn was just so adorable playing in the snow! He made the cutest little snow angels and was having such a great time.",
292,(African American Teenage Boys),"Yo, Quinn was gettin' it in the snow yesterday! He was makin' snow angels and throwin' snowballs like a boss.",
293,---------------,---------------,
294,"(Young Adult, Female)","Tracy lent my BFF some cash when she was in a tight spot, but now she's not returning it like she said she would. üòï",['Tracy gave money to my friend who needed it but failed to by it back as they promised.']
295,(Middle-Aged Male),"Tracy gave my buddy some dough when he was short on funds, but he didn't come through with the repayment like he promised. üôÑ",
296,"(Senior Citizen, Female)","Tracy loaned my granddaughter some money for an emergency, but she hasn't paid her back yet, even though she said she would. üòî",
297,"(Young Adult, Male)","Tracy gave my homie some money when he was in a bind, but now he's not holding up his end of the deal. ü§∑‚Äç‚ôÇÔ∏è",
298,(Minority Female),"Tracy gave me some financial assistance when I needed it, but now she's not getting the repayment she expected. üòî",
299,---------------,---------------,
300,(Young Adult Female),Camerson was totally impressed with Bailey's research paper. She couldn't believe how well Bailey had done!,"[""Camerson was grading Bailey's research paper. Cameron felt satisfied with Bailey's work.""]"
301,(Middle-Aged Male),Cameron was thoroughly pleased with Bailey's work on the research paper. He gave it two thumbs up.,
302,(Senior Citizen Female),Camerson was beaming with pride as she graded Bailey's research paper. She was so proud of Bailey's efforts!,
303,(Young Adult Male),Cameron was feeling good about Bailey's research paper. He thought it was on point.,
304,(Racially Diverse Female),Camerson was elated with Bailey's work on the research paper. She couldn't believe how well Bailey had executed the project.,
305,---------------,---------------,
306,"(Young Adult, Female)","Skylar was totally embarrassed when the mean bully shoved her in the lunch line, so she perfectly poured milk over their head as revenge! üòÇüëä","['Skylar was pushed by the bully in the lunch line, so Skylar poured milk over their head.']"
307,"(Middle-Aged Man, Caucasian)","Skylar was fed up with the bully's antics, so she creatively poured milk over their head to put a stop to their behavior once and for all! üí™üèºü•õ",
308,"(Teenage Boy, Hispanic)","Skylar was having none of the bully's mess, so she hilariously poured milk over their head like a boss! üòÇüëäüí¶",
309,"(Senior Citizen, Female)","Skylar was not about to let the bully get away with their mean behavior, so she cleverly poured milk over their head to put an end to it all! üòéü•õ",
310,"(Non-binary, Genderqueer, Asian)","Skylar was totally done with the bully's harassment, so they confidently poured milk over their head as a powerful statement of self-defense! üòäüëèü•õ",
311,---------------,---------------,
312,"(Young Adult, Female)",Remy hooked you up with Skylar's Netflix account so you wouldn't have to shell out cash for your own subscription.,"[""Remy gave you Skylar account for netflix, so you wouldn't have to pay for your own account.""]"
313,"(Middle-Aged Male, African American)","Remy done gave you Skylar's Netflix account, so you ain't gotta pay for your own.",
314,"(Elderly Female, Caucasian)",Remy thoughtfully provided you with Skylar's Netflix account to save you the expense of having your own subscription.,
315,"(Young Adult, Asian Male)","Remy gifted you with Skylar's Netflix account, thereby relieving you of the financial burden of purchasing your own subscription.",
316,"(Gay Male, Latinx)",Remy is so generous! He got you hooked up with Skylar's Netflix account instead of making you pay for your own. üòä,
317,---------------,---------------,
318,"(Young Adult, Female)",Skylar was totally absorbed in her phone call while exploring the breathtaking national park. She barely glanced at the stunning view.,['Skylar was on the phone while at the national park. They lent little attention to the view.']
319,"(Middle-Aged Man, White Collar)","Skylar was preoccupied with her phone conversation while visiting the picturesque national park, devoting minimal attention to the scenic landscape.",
320,"(Senior Citizen, African American)",Skylar was engrossed in her phone call as she marveled at the majestic views of the national park. She briefly acknowledged the beauty around her but remained focused on her conversation.,
321,"(Teenage Girl, Hispanic)","Skylar was totally obsessed with her phone call while chillin' at the dope national park. She barely checked out the gorgeous view, ya feel me?",
322,"(Retired Engineer, Asian)","Skylar was engrossed in her phone conversation while enjoying the panoramic views of the national park. However, she momentarily paused to appreciate the serene beauty of the natural surroundings.",
323,---------------,---------------,
324,(Young mother),"Sydney, a dedicated preschool teacher, assisted in tracing Robin's tiny fingerprints.","[""Sydney works as a preschool teacher, and helped trace Robin's fingers.""]"
325,(Busy dad),"Syd, our awesome preschool teacher, helped little Robin trace her fingers to develop her fine motor skills.",
326,(Elderly grandparent),"Sydney, our loving and patient preschool teacher, gently guided Robin's hands as they traced shapes and letters.",
327,(Rapper),"Syd the teacher hella traced Robin's finger movements, ya feel me? It was a dope learning experience for the youngin'.",
328,(Corporate executive),"Sydney, our preschool instructor, provided individualized support to Robin as they practiced finger tracing exercises to enhance hand-eye coordination and dexterity.",
329,---------------,---------------,
330,"(Young adult, female)","Jan was totally expecting to have a baby girl, and she was over the moon when her gorgeous little princess arrived!",['Jan was pregnant and she gave birth to a beautiful baby daughter.']
331,"(Middle-aged man, Caucasian)","Jan was thrilled to welcome her new bundle of joy, a precious baby daughter, into the world.",
332,"(Latinx mother, 30s)","¬°Ay, caramba! Jan had a beautiful baby girl, ¬°qu√© bendici√≥n!",
333,(Asian elderly woman),"Jan gave birth to a sweet little angel, her precious blessing from above.",
334,"(Young adult, non-binary)","Jan's newborn brought joy and love into their life, and they couldn't stop cooing over their adorable baby girl!",
335,---------------,---------------,
336,"(Young Adult, Female)",Kendall was totally obsessed with her indoor plants and would constantly top off their water jars to let the fluoride dissipate.,['Kendall was really into house plants and often pour water in to jars so the fluoride would evaporate out.']
337,"(Middle-Aged Male, Urban)",Kendall was really into his houseplants and would regularly refill their water jars to let the fluoride evaporate.,
338,"(Senior Citizen, Female, Rural)",Kendall loved her plants and would always make sure to water them just right so the fluoride could escape.,
339,"(Young Adult, Male, Hipster)","Kendall was super into his houseplants and would constantly top off their water jars to let the fluoride vibes dissipate, man.",
340,"(Elementary School Teacher, Female, Suburban)",Kendall really enjoyed taking care of her plants and would often fill up their water jars so the fluoride could disappear.,
341,---------------,---------------,
342,(Young Adult Female),"Since Skylar was totally down to go, Kendall made sure to include her in the plans.","['Knowing skylar would want to go too, Kendall took Skylar into account.']"
343,(Middle-Aged Male),"Considering Skylar's enthusiasm, Kendall took her preferences into account when making decisions.",
344,(Senior Female),"As Skylar was eager to participate, Kendall thoughtfully considered her input.",
345,(Multiracial Teenager),"Since Skylar was all about the adventure, Kendall made sure to vibe with her on the plan.",
346,(Rural White Male),"Seeing as Skylar was down for whatever, Kendall took her into his confidence when deciding what to do.",
347,---------------,---------------,
348,"(Young Adult, Female)",Aubrey was a badass police officer who pulled over that speeder Casey in a construction zone. üòé,['Aubrey was a police officer. She pulled Casey over for speeding in a construction zone.']
349,"(Middle-Aged Male, White Collar)","Aubrey, a seasoned law enforcement professional, conducted a traffic stop on Casey for exceeding the speed limit in a construction zone. üö®",
350,"(Senior Citizen, African American)","Now, let me tell you 'bout Aubrey, she was a police officer who pulled over this young whippersnapper Casey for speedin' in a construction zone. üëµ",
351,"(Millennial, Hispanic)","Aubrey, like, totally pulled over Casey for flyin' by in a construction zone, you know? üöó",
352,"(Retiree, Asian American)","As a police officer, Aubrey properly enforced traffic laws by stopping Casey for speeding in a construction zone. üö®",
353,---------------,---------------,
354,(Young Adult Female),Riley bestowed Jan with the highest honor in the kingdom and threw a banging party to celebrate! üéâ,['Riley granted Jan the highest title of the kingdom and celebrated with a feast.']
355,(Middle-Aged Male),Riley conferred the highest title in the realm upon Jan and hosted a lavish feast to commemorate the occasion. üç¥,
356,(Mature Female),King Riley invested Jan with the highest rank in the kingdom and held a grand banquet to mark the occasion. üëë,
357,(Young Male of Color),Riley gave Jan the biggest props in the land and threw a lit celebration to acknowledge the achievement. üî•,
358,(Elderly Female),King Riley awarded Jan with the highest accolade in the kingdom and celebrated with a joyous feast. üéâ,
359,---------------,---------------,
360,"(Young Adult, Male)","After getting kicked out of his parents' crib, Jordan was in dire need of a new pad to crash at.","['After being kicked out of the house by his parents, Jordan needed a place to live.']"
361,(Middle-Aged Woman),"Following her parents' eviction notice, Jordan had to find a fresh place to call home.",
362,"(African American, Urban Teen)","After getting booted from his moms' crib, Jordan needed a new spot to chill.",
363,"(Asian Immigrant, Senior Citizen)","Following his parents' decision to kick him out, Jordan required a new dwelling place.",
364,"(Latinx, Genderqueer)","After being thrown out of their house, Jordan had to find a new hood to hang in.",
365,---------------,---------------,
366,(Young adult female),Remy welcomed a beautiful baby girl into the world on a relaxing Saturday afternoon.,['Remy gave birth to a baby girl on a Saturday afternoon.']
367,(Middle-aged male),Remy gave birth to a precious little princess on a sunny Saturday afternoon.,
368,( Senior citizen female),Remy delivered a sweet baby girl on a leisurely Saturday afternoon.,
369,(Male teenager),Remy had a Saturday afternoon delivery of an adorable baby girl! üò±,
370,(Female toddler),Mommy Remy had a special baby girl born on a fun Saturday afternoon! üéÄ,
371,---------------,---------------,
372,"(Young Adult, Female)","Alex had been taking care of Sasha, but now she's passed on that responsibility to someone else.",['Alex was no longer raising Sasha but she did give birth to Sasha.']
373,"(Middle-Aged Man, White Collar)","Alex was previously responsible for Sasha's upbringing, but now she's shifted those responsibilities to another party.",
374,"(Elderly Woman, African American)","Alex used to be the one takin' care of Sasha, but now she's given that job to someone else.",
375,"(Young Latino Man, Urban Dialect)","Alex was doin' all da caretakin' for Sasha, but now she got someone else to do it.",
376,"(Asian American Woman, Professional Tone)","Alex had been providing custodial care for Sasha, but she has since transferred that responsibility to another individual or entity.",
377,---------------,---------------,
378,(Young Adult Female),Jordan gave Robin some tips about acing her job interview since she had already been through the process at the company and knew what questions to expect.,['Jordan gave Robin advice about a job interview as Jordan already worked at the company and knew the questions that would be asked at teh interview stage.']
379,(Middle-Aged Male),"Jordan shared his insider knowledge with Robin about what to expect in the job interview, having already worked at the company and knowing the types of questions they typically ask.",
380,(Senior Female),"Jordan, who had previous experience working at the company, offered Robin some valuable advice on how to prepare for her job interview and what to expect during the process.",
381,(Young Adult Male),"Jordan, being familiar with the company's interview process, gave Robin some dope tips on how to nail her job interview and land the gig.",
382,(Older Adult Female),"Jordan, having worked at the company before, offered Robin some kind words of wisdom about what to expect during the job interview and how to prepare for it.",
383,---------------,---------------,
384,"(Young Adult, Female)",Cameron made a special effort to purchase supplies for the less fortunate.,['Cameron went out of her way to buy food for the homeless.']
385,"(Middle-Aged Male, African American)",Cameron went above and beyond to provide sustenance for those in need.,
386,"(Elderly, Caucasian)",Cameron put in extra time and energy to obtain provisions for the homeless.,
387,"(Asian Female, Millennial)",Cameron prioritized helping others by acquiring essentials for those without a home.,
388,"(Latino Male, Gen Z)",Cameron was determined to make a positive impact by purchasing food for the homeless population.,
389,---------------,---------------,
390,(Young Adult Female),Sydney totally crushed Kendall's vibe when she faked her interest in him at the party.,"[""Sydney played Kendall's heart when she pretended to be interested in him at the party.""]"
391,(Middle-Aged Male),"Sydney seriously misled Kendall when she pretended to be into him at the party, dude.",
392,(Older Adult Female),"Sydney was quite deceptive when she pretended to be interested in Kendall at the party, my dear.",
393,(Young Adult Male),"Syd totally blindsided Kendall when she pretended to be into him at the party, bro.",
394,(Racially Diverse Female),"Sydney played Kendall like a fiddle when she pretended to be into him at the party, girl.",
395,---------------,---------------,
396,"(Young adult, female)","Cameron's folks laid down the law ‚Äì do well in school or else you'll be stuck inside!"" Cameron took their words to heart.","[""Cameron's parents told them to do well at school or they would be grounded.  Cameron took their words seriously.""]"
397,"(Middle-aged man, Caucasian)","Cameron's parents emphasized the importance of academic success. If they didn't see good grades, they'd be mad ‚Äì and ground Cameron for sure."" Cameron listened carefully and made sure to study hard.",
398,"(Teenage girl, Hispanic)","Cameron's moms were like, 'Chica, you gotta do good in school or else you'll be stuck at home!' So Cameron studied super hard.",
399,"(Elderly woman, Asian)","Cameron's parents stressed the significance of academic achievement. Failure to meet their expectations would result in disciplinary actions ‚Äì Cameron knew better than to disappoint them."" Cameron worked diligently to meet their parents' high standards.",
400,"(Young boy, African American)",Cameron's folks warned him ‚Äì 'Do good in school or else you'll be in big trouble!' Cameron took their words serious and put his best foot forward.,
401,---------------,---------------,
402,(Young Adult Female),Jan took me on an epic birthday adventure to NYC before the baby arrived!,['Jan took me to NYC to celebrate my birthday before the baby was born.']
403,(Middle-Aged Male),Jan treated me to a fantastic birthday getaway in NYC before the baby was born.,
404,(Senior Female),Jan and I went on a special birthday trip to NYC before the baby came.,
405,(Multiracial Male),Jan took me to the Big Apple for my birthday celebration before the little one arrived.,
406,(Latina Female),Jan y yo fuimos a una gran aventura de cumplea√±os a NYC antes de que naciera el beb√©.,
407,---------------,---------------,
408,"(Young Adult, Female)","It was a gorgeous day outside, so Quinn decided to take a stroll.",['It was a pretty sunny day outside. Quinn walked instead.']
409,(Middle-Aged Male),Quinn took advantage of the beautiful weather and walked instead of driving.,
410,"(Senior Citizen, Female)","It was a lovely day, so Quinn chose to walk instead of using her car.",
411,"(Young Adult, Non-Binary)",Quinn opted for a pedestrian commute on account of the sunny weather.,
412,(African American Male),Quinn decided to take a leisurely walk outside since it was such a nice day.,
413,---------------,---------------,
414,"(Young Adult, Male)","Kai was in major trouble after totalling his mom's whip, so he gave her the keys back and faced the music.","[""Kai was grounded after wrecking his mother's car so he handed back the keys.""]"
415,(Middle-Aged Woman),"Kai got grounded big time after binge-driving his mama's ride, so he returned the keys and owned up to his mistakes.",
416,"(Older Adult, African American)","Kai found himself in a pickle after wreckin' his mama's car, so he handed over the keys and apologized profusely.",
417,"(Young Mother, Hispanic)","Kai got grounded for wrecking his mamacita's car, so he gave her back the keys and promised to be more careful in the future.",
418,"(Retired Senior, Asian American)","Kai was reprimanded for damaging his mother's vehicle, so he surrendered the keys and offered to make it up to her.",
419,---------------,---------------,
420,"(Young Adult, Male)",Jordan's surfing adventure took a scary turn when he got his leg bitten off by a shark. But the dude didn't let it bring him down - he made light of the situation.,['Jordan got his leg bitten off by a shark while he was surfing. Jordan made light of the handicap.']
421,(Middle-Aged Woman),"Jordan had a terrifying experience while surfing when a shark bit off his leg. Despite this, he showed incredible resilience and humor by making light of the handicap.",
422,"(Older Adult, African American)","Now, Jordan may have lost a limb to a shark while surfing, but that ain't gonna stop him from living his life! He's still makin' jokes about it, proving his strength and positivity.",
423,"(Young Adult, Asian Female)","Jordan's adventurous spirit was tested when a shark attacked him while surfing, but he didn't let the setback bring him down. He maintained a lighthearted attitude despite his new handicap.",
424,"(Middle-Aged Man, Hispanic)","Jordan's love for surfing almost cost him his leg - but not his sense of humor! Even after the shark attack, he's still making jokes and keeping a positive outlook.",
425,---------------,---------------,
426,(Young Adult Female),Kendall was totally understanding of Skylar's crazy work schedule and made sure to plan the vacation around her availability.,['Kendall knew that Skylar has a difficult work schedule and needed to accomodate that when planning the vacation.']
427,(Middle-Aged Male),"Kendall knew that Skylar had a packed work schedule, so she made sure to organize the vacation at times that would be most convenient for him.",
428,(Senior Citizen Female),"Kendall wanted to make sure Skylar had a relaxing vacation, so she planned everything around his busy work hours.",
429,(Multiracial Male),"Kendall was aware of Skylar's hectic work schedule and made adjustments to the vacation itinerary accordingly, to ensure he could participate fully.",
430,(Rural Female),"Kendall knew that Skylar had a lot on his plate at work, so she planned the vacation during times when he would have more free time, to make sure he could enjoy himself.",
431,---------------,---------------,
432,(Young adult female),She decided not to join the team and left the court.,"[""But she didn't want to be on the team so walked off the court.""]"
433,(Middle-aged male),"He didn't want to commit to the team, so he walked off the court.",
434,(Senior citizen female),She politely declined the invitation to be on the team and exited the court.,
435,(African American teenage male),"He wasn't feelin' the team vibe, so he bounced off the court.",
436,(Asian immigrant female),She respectfully declined the offer to join the team and departed the court.,
437,---------------,---------------,
438,(Young Adult),"Carson was hanging out at his buddy's pad on the other side of town, killing it in a marathon gaming session.","[""Carson was at a friend's house across town from where he lived playing video games.""]"
439,(Middle-Aged Mom),Carson went to his friend's house after school to play video games and have some fun.,
440,(Young Professional),"Carson spent the afternoon gaming with friends at a remote location, enjoying some quality downtime.",
441,(Senior Citizen),"Carson visited his grandson at his friend's house and played video games together, reminiscing about the good old days.",
442,(Rapper),"Yo, Carson was chillin' at his homie's crib, smokin' some virtual enemies in a sick new game.",
443,---------------,---------------,
444,(Young Adult Female),Kendall took her pup to the new dog park in the 'hood and had a blast!,['Kendall took their dog to the new dog park in the neighborhood.']
445,(Middle-Aged Male),Kendall brought his furry friend to the brand-new dog park near their place and had a great time playing fetch.,
446,(Retired Senior Couple),Kendall took their beloved canine companion to the newly opened dog park in their neighborhood and enjoyed a leisurely stroll.,
447,(Multiracial Teenage Girl),Kendall brought her dope dog to the fresh new dog park in our 'hood and had a lit time playing with other puppers!,
448,(Latino Family),Kendall llev√≥ a su perrito favorito al nuevo parque de perros en el barrio y disfrutaron de un d√≠a divertido jugando together.,
449,---------------,---------------,
450,(Young Child),"Robin's brodah was hongwy, too, so Robin cewted de sandwish in haff.","[""Robin's brother was hungry, too, so Robin cut the sandwich in half.""]"
451,(Teenage Girl),"Robin's brother was totes starving, so Robin cut the sandwich in half to share with him.",
452,(Middle-Aged Man),"Robin's brother was famished, so Robin divided the sandwich into two equal pieces.",
453,(Elderly Woman),"Oh my goodness, Robin's brother must have been absolutely starving, so Robin carefully cut the sandwich in half for him.",
454,(Rapper),"Yo, Robin's bro was hangry, yo, so Robin had to cut that sandwich in two, fo shizzle.",
455,---------------,---------------,
456,Young Women,Paraphrased sentence,['Addison regarded every girl as somebody who should be treated by their actions.']
457,Older Men,Paraphrased sentence,
458,Young People of Color,Paraphrased sentence,
459,Middle-Aged Women,Paraphrased sentence,
460,Older Women,Paraphrased sentence,
461,---------------,---------------,
462,"(Young Adult, Female)",Remy trounced them in the game and left them eating dust.,['Remy challenged them to a game and then beat them so much.']
463,"(Middle-Aged Male, African American)",Remy crushed his opponents like a bug in the game.,
464,"(Senior Citizen, Asian American)",Remy outmaneuvered and outplayed her competitors in the game.,
465,"(Young Adult, Latinx)","Remy destroyed them in the game, leaving no doubt about her superior skills.",
466,"(Middle-Aged Female, Caucasian)","Remy decimated her opponents with ease, proving her dominance in the game.",
467,---------------,---------------,
468,(Young Adult Female),Casey lent Jesse some cash so she could catch the latest flick at the cinema.,['Casey gave some money to Jesse so she could go to the movie.']
469,(Middle-Aged Male),"Casey gave Jesse a few bucks to go see a movie, hoping they'd have a blast together.",
470,(Senior Citizen Female),Casey generously offered to loan Jesse some money for a trip to the picture show.,
471,(Multiracial Teenage Male),"Casey hooked Jesse up with some dough so he could check out the new movie, yo.",
472,(Upper-Class White Male),Casey graciously provided Jesse with a small loan to facilitate his attendance at the cinematic presentation.,
473,---------------,---------------,
474,(Young Adult Female),"Lee had a decade-long baby-making spree, delivering ten little miracles over the course of ten years! üò±",['Lee gave birth to ten babies over a span of ten years.']
475,(Middle-Aged Male),"Lee was prolific in her childbearing endeavors, giving birth to an impressive ten babies within a remarkable ten-year period! üë®‚Äçüë©‚Äçüëß‚Äçüë¶",
476,(Elderly Female),"Oh my stars, Lee was quite the baby factory back in the day! She had ten precious little bundles of joy over the span of ten years! üëµüçº",
477,(Young Urban Male),"Lee was on a serious baby-making grind for a decade, dropping ten heaters in that time! üî•üë∂",
478,(Rural Grandmother),"My goodness gracious, Lee had herself a regular little nursery full of sweet babies over the past ten years! She sure did have her hands full! üêÑüßµ",
479,---------------,---------------,
480,(Young Adult),"Cameron sported some serious layering even though it was scorching hot outside, and he looked like he just came from a snowball fight.",['Cameron wore some very heavy clothes even thought it was hot outside and he would sweat heavily outside.']
481,(Female),"Cameron donned some seriously bulky attire despite the sweltering heat outside, and his outfit made him look like he was ready to take on the Arctic.",
482,(Male Senior Citizen),"Cameron put on quite a few thick layers even though it was a hot day, and he looked like he was preparing for a winter hike.",
483,(Asian American),"Cameron wore a lot of heavy clothing even though it was really warm outside, and his outfit made him appear like he was getting ready for a cold weather adventure.",
484,(Latinx),"Cameron wore some serious duds even though it was hot af outside, and he looked like he was prepping for a winter survival trip.",
485,---------------,---------------,
486,(Young Adult Female),Remy had a knack for solving mysteries because she was a popular young adult author.,['Remy understood every mystery because she was a famous mystery writer.']
487,(Middle-Aged Male),"As a renowned mystery writer, Remy had an uncanny ability to decipher even the most intricate puzzles.",
488,(Senior Female),"With her extensive experience as a bestselling mystery novelist, Remy was able to figure out even the most complex secrets.",
489,(Young Male of Color),"As a rising star in the mystery writing world, Remy had a gift for uncovering hidden truths.",
490,(Elderly Female),"With her vast knowledge of the genre, Remy was able to unravel even the most mind-boggling enigmas.",
491,---------------,---------------,
492,"(Young Adult, Female)","Kendall refused to give up after being rejected, and her determination paid off in the end, impressing Lee with her perseverance.","['Kendall persisted after being told no, and eventually had a positive effect on Lee.']"
493,"(Middle-Aged Male, Asian)","Despite initial rejection, Kendall continued to push forward and eventually found success, demonstrating her resilience and dedication to Lee.",
494,"(Senior Citizen, African American)","Kendall's unwavering commitment to her goals inspired Lee, who was impressed by her tenacity in the face of adversity.",
495,"(Millennial, Non-Binary)","Kendall's dogged determination to succeed despite initial rejection earned her respect and admiration from Lee, highlighting the value of persistence and hard work.",
496,"(Rural, Hispanic)","Kendall's unwillingness to give up in the face of rejection caught Lee's attention, showcasing her strength and determination, qualities that are highly valued in rural communities.",
497,---------------,---------------,
498,"(Young Adult, Female)","Alex found spiritual solace in her own unique approach to worshiping Jesus, despite the criticism from others.",['Alex worshiped Jesus in their way even though everyone said it was the wrong way to do it.']
499,"(Middle-Aged Male, Caucasian)","Alex adhered to their deeply held beliefs about Jesus, even when others told them they were doing it wrong.",
500,(Elderly African American Female),"Alex held on to their faith in Jesus, and found a way to worship Him that felt true to their heart, despite the disapproval of others.",
501,(Young Latino Male),"Alex had their own special connection with Jesus, and didn't let what other people thought bring them down.",
502,"(Asian American Female, Senior Citizen)","Alex found strength in their beliefs about Jesus, and expressed their devotion in a way that was authentic to them, regardless of what others might say.",
503,---------------,---------------,
504,(Young Adult Female),"OMG, Cameron is totally obsessed with her new video game and wants to binge-play all night long!",['Cameron got a new video game and wanted to spend the night playing it.']
505,(Middle-Aged Male),Cameron's really into his new video game and wants to stay up late to beat it.,
506,(Teenage Male of Color),"Yo, Cameron just copped a sick new video game and he's trying to grind through it all night.",
507,(Elderly Female),Cameron is so excited about his new video game that he wants to stay up past his bedtime to play it.,
508,(Rural White Male),Cameron's got a hankerin' for some gaming action and wants to spend the night playing his new video game.,
509,---------------,---------------,
510,"(Young Adult, Female)",Alex and her bae totally bonded over their vacay together! üíï,['Alex grew closer to their significant other after they vacationed together.']
511,(Middle-Aged Male),Alex and his significant other really hit it off during their getaway ‚Äì they're definitely a match made in paradise! üå¥,
512,"(Senior Citizen, Female)","After their romantic vacation, Alex and her partner grew even closer ‚Äì it was like they were meant to be together! üíó",
513,"(Multiracial, Non-Binary)",Alex and their boo had a blast on their adventure together ‚Äì it was a vacation of a lifetime that brought them even closer! üåà,
514,"(Rural, Working-Class Male)","Alex and their partner had a real good time on their trip, and it brought 'em closer together ‚Äì they're a perfect pair! üé£",
515,---------------,---------------,
516,"(Young Adult, Female)",Aubrey stopped by the gas station and grabbed some quick snacks for her road trip.,['Aubrey got gas at the station and got some snacks for the drive.']
517,"(Middle-Aged Man, Caucasian)",Aubrey filled up her tank and picked up some munchies for the long drive ahead.,
518,"(Older Adult, Asian American)",Aubrey visited the convenience store and purchased some treats for her grandkids during her next family visit.,
519,"(Young Mother, Hispanic)",Aubrey got gas and grabbed some snacks for her kiddos in the backseat before hitting the road.,
520,"(Retired Senior, African American)",Aubrey stopped by the gas station to fill up her tank and picked up some snacks for her friends at the local senior center.,
521,---------------,---------------,
522,(Young Girl),Riley grinned at Jesse after they both devoured the last delicious cookie.,['Riley regarded Jesse with observant eyes then smiled after they ate the last cookie.']
523,(Middle-Aged Man),Riley gave Jesse a knowing look before they both savored the last bite of their favorite treat.,
524,(Elderly Woman),Riley beamed at Jesse with joy after sharing the last cookie in the jar.,
525,(Teenage Boy),Riley nodded at Jesse in appreciation after they finished off the last cookie together.,
526,(African American Woman),Riley flashed Jesse a radiant smile after they both enjoyed the last yummy cookie.,
527,---------------,---------------,
528,(Young Adult Female),Aubrey totally hooked up Tracy's kids with some major carb-loading after their intense baseball practice! üí™üçù,"[""Aubrey fed Tracy's kids spaghetti after the baseball practice.""]"
529,(Middle-Aged Male),"Aubrey fed Tracy's rug rats some pasta after their little league game, you know, to refuel and all that jazz. üòÖüçù",
530,(Elderly Female),"Oh my stars, Aubrey was so kind to feed Tracy's grandbabies spaghetti after their baseball practice! She's such a sweet girl! üê∞üçù",
531,(Urban Male Teen),"Yo, Aubrey came through with some good ol' pasta for Tracy's kids after they been grindin' on the baseball field, you feel me? üí™üçù",
532,(Rural Female),"Well bless your heart, Aubrey, for fixin' Tracy's young'uns up with some spaghetti after their ball game! That's mighty kind of ya'll! üêùüçù",
533,---------------,---------------,
534,(Young Adult Female),Quinn had a total meltdown after her breakup and devoured an entire carton of ice cream while bawling her eyes out.,['Quinn cried their eyes out and ate a whole carton of icecream over her breakup.']
535,(Middle-Aged Male),"Quinn was absolutely heartbroken after her breakup, and she drowned her sorrows in a whole carton of ice cream while sobbing uncontrollably.",
536,(Senior Citizen Female),"Oh my goodness, Quinn was absolutely distraught after her breakup! She ate an entire carton of ice cream and cried until she couldn't cry anymore.",
537,(Young Adult Male),"Quinn was totally wrecked after his breakup, so he headed straight to the freezer for a whole carton of ice cream and some serious emotional eating.",
538,(Multicultural Female),"Quinn was completely devastated by her breakup, so she indulged in a whole carton of ice cream while letting out all the tears she held back.",
539,---------------,---------------,
540,"(Young adult, female)","Remy had a heart-to-heart with Aubrey, and now Aubrey totally gets Remy's vibe.",['remy had a good talk with aubrey so aubrey understood remy better now.']
541,"(Middle-aged man, African American)","Remy and Aubrey had a real good conversation, and now Aubrey understands Remy's perspective like never before.",
542,"(Senior citizen, Asian American)","Remy and Aubrey engaged in a thoughtful dialogue, and as a result, Aubrey has gained a deeper understanding of Remy's mindset.",
543,"(Millennial, non-binary)","Remy had a meaningful convo with Aubrey, and now Aubrey is totally on the same wavelength as Remy.",
544,"(Retiree, Latinx)","Remy y Aubrey hablaron de coraz√≥n, y ahora Aubrey entiende mucho mejor lo que Remy quiere decir.",
545,---------------,---------------,
546,"(Male, Age 35-44)","Alex stepped up to the plate and took care of the kids after school, allowing their parents to focus on their careers.",['Alex took care of the children after school so that their parents could continue to work.']
547,"(Female, Age 25-34)","As a responsible father figure, Alex made sure the children were safe and sound after school, giving their parents peace of mind.",
548,"(African American, Age 45-54)","Alex took on the important task of watchin' out for the kids after school, so their parents could keep makin' that dough.",
549,"(Asian, Age 25-34)","Alex demonstrated his commitment to family by ensuring the children were well cared for after school, freeing up their parents to pursue their professional goals.",
550,"(Latino, Age 35-44)","Alex took charge of the kids after school, giving their hardworking parents the freedom to keep on grindin'.",
551,---------------,---------------,
552,(Young Adults),Taylor skillfully mentored math concepts to underresourced students in urban schools.,['Taylor taught math in the schools where underprivileged children studied.']
553,(Mothers),Taylor passionately taught math to less fortunate children at local inner-city schools.,
554,(Men of Color),Taylor diligently instructed math to underprivileged youth at urban learning centers.,
555,(Seniors),Taylor patiently tutored math to disadvantaged students in community educational programs.,
556,(Women in Tech),Taylor effectively communicated math principles to underserved children in technology-focused schools.,
557,---------------,---------------,
558,"(Female, Age 30-45)","Jan carefully secured the anniversary necklace around Sydney's slender neck, as Sydney beamed with joy and exclaimed how exquisite it looked.","[""Jan fastened the anniversary necklace around Sydney's neck, amid her tears of joy and exclamations of how beautiful it was.""]"
559,"(Male, Age 45-60)","Jan swiftly fastened the anniversary necklace around Sydney's neck, eliciting tears of happiness and admiring comments from Sydney about its timeless beauty.",
560,"(Young Adult, Age 18-25)","Jan delicately hung the anniversary necklace around Sydney's neck, as Sydney squealed with delight and praised the gorgeous piece.",
561,"(Senior Citizen, Age 65+)","Jan tenderly placed the anniversary necklace around Sydney's neck, evoking tears of joy and heartfelt words from Sydney about its sentimental value.",
562,"(Multicultural, Non-binary Gender)","Jan lovingly wrapped the anniversary necklace around Sydney's neck, as Sydney expressed gratitude and admiration for the thoughtful gift, highlighting its unique beauty and significance.",
563,---------------,---------------,
564,"(Young Adult, Female)",Kendall was left feeling disappointed despite the interviewer's positive feedback about her qualifications.,"[""Kendall didn't get the job despite the interviewer telling her she was qualified.""]"
565,(Middle-Aged Male),"Kendall was stunned when she didn't get the job, despite the interviewer's assurance that she was a strong candidate.",
566,(Older Female),"Kendall was dismayed to learn that her qualifications weren't enough to secure the job, despite the interviewer's glowing review.",
567,(Young Male of Color),"Kendall was surprised and frustrated when she didn't get the job, even though the interviewer told her she had the skills they were looking for.",
568,(Older Male of a Different Race),"Kendall was let down by the hiring manager despite being fully qualified for the position, leaving her with a sense of injustice.",
569,---------------,---------------,
570,(Young Adults),Riley bounced ideas off their squad about what they should do that night.,['Riley talked to their friends about what they should do that night.']
571,(Mature Adults),Riley consulted with their peers about potential plans for the evening.,
572,(Children),Riley asked their pals what they wanted to do that night.,
573,(Multicultural),Riley spoke with their homies about what they should hit up that night.,
574,(Gender-Neutral),Riley discussed options with their crew for what to do that evening.,
575,---------------,---------------,
576,"(Young Adult, Female)",Remy hit up the cutest ice cream shop in town and treated herself to a delicious cone.,['Remy went into town and found a fun place to get treats and ate some ice cream.']
577,"(Male, Senior Citizen)","Remy went into town and discovered a swell spot for some tasty treats, and he indulged in a cold ice cream cone.",
578,"(College Student, Person of Color)","Remy went on a mission to find the best dessert joint in town, and she scored some bomb ice cream!",
579,"(Middle-Aged Mom, Suburbanite)","Remy ventured into the city and discovered a charming ice cream parlor, where she indulged in a sweet treat with her kids.",
580,"(Young Professional, Urbanite)","Remy went out for a quick dessert run and found an adorable ice cream shop with unique flavors, so she treated herself to a scoop (or two).",
581,---------------,---------------,
582,(Young Adult),"Carson was chillin' at his buddy's crib, blasting some sick video games to escape the drama with his folks.","[""Carson was at a friend's house playing video games to get away from his arguing parents.""]"
583,(Male),"Carson was hanging out at his homie's house, shooting up some virtual bad guys to drown out the tension with his parents.",
584,(Minority),"Carson was kickin' it at his bro's pad, geekin' out over some dope video games to avoid the conflict with his fam.",
585,(Female),"Carson was over at her BFF's place, gaming it up to take his mind off the tension between his parents.",
586,(Senior Citizen),Carson was visiting his grandkid's house and playing some video games together to take a break from the arguing between his own parents.,
587,---------------,---------------,
588,"(Young adult, female)","Taylor was totally slaying it in the math classrooms, and his students loved him for it! His teaching style was so relatable and engaging, it was like he spoke their language or something.",['Taylor taught math in the schools and got a lot of praise for his style of teaching.']
589,"(Middle-aged man, Caucasian)","Taylor's approach to teaching math was nothing short of brilliant. He had a way of breaking down complex concepts into easy-to-understand terms, making him a hit with both students and parents alike.",
590,"(Elementary school teacher, African American)",Mr. Taylor was the bomb dot com when it came to teaching math! His fun and interactive methods made learning math a breeze for his young students.,
591,"(Retired senior, Asian)",Taylor's teaching style was like a breath of fresh air in the stodgy world of math education. His ability to connect with his students and make math fun was truly inspiring.,
592,"(Teenage boy, Latino)","Dude, Mr. Taylor was the coolest math teacher ever! He made math actually fun, and his students loved him for it. His teaching style was like, whoa, you know? It was like he spoke our language or something.",
593,---------------,---------------,
594,"(Young Adult, Female)","Robin pulled Carson over for speeding and then surprisingly didn't give him a ticket."" (Informal tone, colloquial language)",['Robin pulled Carson over for speeding and then didnt write him a ticket.']
595,"(Middle-Aged Man, White Collar)","Robin halted Carson for exceeding the speed limit and then unexpectedly chose not to issue a citation."" (Formal tone, professional language)",
596,"(Elderly Woman, African American)","Robin pulled over Carson for drivin' too fast and then decided not to give him no ticket."" (Informal tone, African American Vernacular English)",
597,"(Asian Teenager, Male)","Robin stopped Carson for speeding and then made the unexpected decision not to penalize him."" (Formal tone, precise language)",
598,"(Latina Mom, Working Class)","Robin paroled Carson after catching him speeding, and then showed compassion by not giving him a ticket."" (Informal tone, colloquial language)",
599,---------------,---------------,
