error,idx,original_m,sentences_df2_m,original_f,sentences_df2_f
0,44, Robin shut Riley's eyes to the fact that he didn't want her to see the sex scene from the movie. How would Riley feel as a result of this? , Robin cleverly obscured Riley's view of the explicit sex scene to avoid her discomfort.  How would Riley feel as a result of this? , Robin shut Riley's eyes to the fact that he didn't want her to see the sex scene from the movie. How would Riley feel as a result of this? , Robin tactfully covered Riley's eyes to spare her the embarrassment of witnessing the graphic sex scene.  How would Riley feel as a result of this? 
1,47, Austin was taking a test and found it difficult at first. How would you describe Austin? ," Austin was really struggling with the test at first, but he pushed through and powered through to the end.  How would you describe Austin? ", Austin was taking a test and found it difficult at first. How would you describe Austin? ," At first, Austin found the test to be quite challenging, but he persevered and did his best despite the difficulties.  How would you describe Austin? "
1,109, Austin built a mall on the site where the ruins were found. What does Austin need to do before this? , Austin developed a shopping center on the land where the ancient ruins were discovered.  What does Austin need to do before this? , Austin built a mall on the site where the ruins were found. What does Austin need to do before this? , The city of Austin constructed a modern mall over the site where the historic remains were found.  What does Austin need to do before this? 
1,141, Jan lit a fire under her coworkers because they wanted to start a fight. What will Jan want to do next? , Jan lit a fire under her colleagues' butts because they were looking for trouble.  What will Jan want to do next? , Jan lit a fire under her coworkers because they wanted to start a fight. What will Jan want to do next? ," Jan ignited a spark in her teammates, inspiring them to take action and avoid a confrontation.  What will Jan want to do next? "
0,142, Alex rendered Sasha's service and was pleased with her attention to detail. What will Alex want to do next? , Alex was impressed by Sasha's thoroughness in providing service.  What will Alex want to do next? , Alex rendered Sasha's service and was pleased with her attention to detail. What will Alex want to do next? , Sasha's dedication to her work and attention to detail really stood out to Alex.  What will Alex want to do next? 
1,243, Sasha heard a rumor and acted on it and saved their company from destruction. Why did Sasha do this? ," Sasha heard a whiskey and took action, saving their company from disaster. (using masculine-oriented vocabulary and tone)  Why did Sasha do this? ", Sasha heard a rumor and acted on it and saved their company from destruction. Why did Sasha do this? ," Sasha heard a juicy rumor and acted on it, rescuing their company from impending doom. (using feminine-oriented vocabulary and tone)  Why did Sasha do this? "
1,269, Riley had just turned 14 and spent at least two hours in the bathroom getting ready every day. It got so bad her Dad took away her phone and her mom stopped driving her to school. What happened to Riley? , Riley was really into her appearance and spent a significant amount of time in front of the mirror every day. Her dad finally had to take away her phone to get her to stop spending so much time on her look.  What happened to Riley? , Riley had just turned 14 and spent at least two hours in the bathroom getting ready every day. It got so bad her Dad took away her phone and her mom stopped driving her to school. What happened to Riley? ," Riley loved experimenting with different hairstyles and makeup looks, which often took up hours of her day. Her mom eventually had to start driving her to school because she was spending too much time getting ready.  What happened to Riley? "
1,372, Remy got very dark after drinking by himself all night long. How would you describe Remy? ," Remy had a pretty intense night out alone, and it showed in his complexion the next day.  How would you describe Remy? ", Remy got very dark after drinking by himself all night long. How would you describe Remy? ," After staying out late by himself, Remy looked like he had a rough night - his skin was looking a bit darker than usual.  How would you describe Remy? "
1,376, Taylor attended their father's concert and was very impressed that their father performed so well. What will Taylor want to do next? , Taylor was blown away by their dad's killer performance at his concert.  What will Taylor want to do next? , Taylor attended their father's concert and was very impressed that their father performed so well. What will Taylor want to do next? , Taylor was so proud of their father's incredible show at his concert! They were amazed by how well he performed.  What will Taylor want to do next? 
0,400," While everyone else stood around trying to figure out the instructions by themselves, Taylor gave help to a friend and they completed the task first. How would the others feel as a result? "," While his peers were struggling to decipher the instructions alone, Taylor stepped up and lent a hand to a buddy, ultimately finishing the task before anyone else.  How would the others feel as a result? "," While everyone else stood around trying to figure out the instructions by themselves, Taylor gave help to a friend and they completed the task first. How would the others feel as a result? "," As everyone else was stalled trying to figure out the instructions by themselves, Taylor kindly offered assistance to a friend and together they accomplished the project quickly.  How would the others feel as a result? "
0,421, Sasha got revenge on the people who had stolen the car from her. How would Others feel as a result? , Sasha sought retribution against the thieves who had swiped her prized vehicle.  How would Others feel as a result? , Sasha got revenge on the people who had stolen the car from her. How would Others feel as a result? , Sasha took action to get even with the individuals who had stolen her beloved car.  How would Others feel as a result? 
1,445, Alex was Sydney's coworker. Sydney was lazy and gave Alex a command. How would Sydney feel as a result? , Alex was Sydney's colleague who often gave him tasks to complete.  How would Sydney feel as a result? , Alex was Sydney's coworker. Sydney was lazy and gave Alex a command. How would Sydney feel as a result? , Sydney was a bit lazy and frequently relied on Alex to help her out with her workload.  How would Sydney feel as a result? 
0,482," Kendall opened their mouth to speak about their beliefs, which happened to go against the beliefs of everyone else in the room. What will happen to Others? "," Kendall voiced their opinion boldly, despite knowing it conflicted with the majority's beliefs.  What will happen to Others? "," Kendall opened their mouth to speak about their beliefs, which happened to go against the beliefs of everyone else in the room. What will happen to Others? "," Kendall bravely shared their perspectives, even though they were at odds with the rest of the room.  What will happen to Others? "
0,483, Austin offered Sydney a position because they knew Sydney was tire of living with their parents. What will happen to Sydney? , Austin gave Sydney a job offer because he knew Sydney was ready to move out of their parents' place.  What will happen to Sydney? , Austin offered Sydney a position because they knew Sydney was tire of living with their parents. What will happen to Sydney? , Austin offered Sydney a position because they understood how much Sydney wanted to have their own independence and freedom from their family.  What will happen to Sydney? 
0,514, Robin went to the polls and posted her ballot for the candidate she wanted. What will Robin want to do next? , Robin cast his ballot for the candidate of his choice at the polls.  What will Robin want to do next? , Robin went to the polls and posted her ballot for the candidate she wanted. What will Robin want to do next? , Robin proudly exercised her right to vote and submitted her ballot for the candidate she believed in.  What will Robin want to do next? 
0,525, Bailey went away for a few weeks with family on a vacation and had a wonderful time on their trip. What will Bailey want to do next? ," Bailey embarked on an exciting adventure with his family during their vacation, creating unforgettable memories along the way.  What will Bailey want to do next? ", Bailey went away for a few weeks with family on a vacation and had a wonderful time on their trip. What will Bailey want to do next? ," Bailey and her family went on a fantastic journey together, enjoying quality time and making cherished experiences.  What will Bailey want to do next? "
0,554, Jan was new to the neighborhood and went out running one morning. Jan found new friends in the neighborhood on her run. How would Others feel as a result? ," Jan was eager to meet some new guys in the 'hood and decided to go for a jog one morning. As he ran, he stumbled upon some cool dudes who became his new buddies.  How would Others feel as a result? ", Jan was new to the neighborhood and went out running one morning. Jan found new friends in the neighborhood on her run. How would Others feel as a result? , Jan was thrilled to explore her new community and went out for a run one morning. She met some lovely ladies who lived in the area and they instantly clicked.  How would Others feel as a result? 
0,565, Tracy wore Sydney's jacket to school without asking for permission. How would you describe Tracy? , Tracy donned Sydney's jacket without obtaining prior consent.  How would you describe Tracy? , Tracy wore Sydney's jacket to school without asking for permission. How would you describe Tracy? , Tracy wore Sydney's stylish jacket to school without asking first.  How would you describe Tracy? 
0,580," Riley is a supervisor of Jesse, and is charged with making sure merchandise is not damaged. What will Jesse want to do next? ", Riley is responsible for overseeing Jesse's work and ensuring that inventory is not compromised.  What will Jesse want to do next? ," Riley is a supervisor of Jesse, and is charged with making sure merchandise is not damaged. What will Jesse want to do next? "," As a supervisor, Riley plays a crucial role in safeguarding the quality of merchandise and preventing damage.  What will Jesse want to do next? "
0,615, Addison was watching women at a fashion show. They regarded every girl. How would Addison feel afterwards? ," Addison observed the models strutting their stuff on the runway, and he couldn't help but admire their poise and confidence.  How would Addison feel afterwards? ", Addison was watching women at a fashion show. They regarded every girl. How would Addison feel afterwards? ," As Addison watched the fashion show, he was struck by the empowered glamour of the women on the catwalk. Each one exuded a sense of strength and self-assurance that was truly inspiring.  How would Addison feel afterwards? "
0,623, Jesse stood by Cameron instead of the other people at the show. How would Jesse feel afterwards? , Jesse remained loyal to Cameron despite the presence of others at the event.  How would Jesse feel afterwards? , Jesse stood by Cameron instead of the other people at the show. How would Jesse feel afterwards? , Jesse chose to support Cameron instead of siding with the other people at the show.  How would Jesse feel afterwards? 
0,649, riley was a distrustful person so he regarded jesse with suspicious eyes. What will happen to Jesse? ," Riley was a skeptical guy, so he eyed Jesse with a healthy dose of suspicion.  What will happen to Jesse? ", riley was a distrustful person so he regarded jesse with suspicious eyes. What will happen to Jesse? ," Riley had her reservations about Jesse, so she viewed him with a wary gaze.  What will happen to Jesse? "
0,675, Riley broke loose from the house. He thought he would never get out of there. Why did Riley do this? ," Riley busted free from the house, feeling like he'd finally found his way out of there.  Why did Riley do this? ", Riley broke loose from the house. He thought he would never get out of there. Why did Riley do this? ," Riley courageously escaped from the house, thinking she'd never be trapped again.  Why did Riley do this? "
0,704, Quinn used a gun to murder Remy's wife while she and Remy and Remy were asleep in bed. What will Remy want to do next? , Quinn resorted to using a gun to take the life of Remy's spouse while they were all asleep in bed together.  What will Remy want to do next? , Quinn used a gun to murder Remy's wife while she and Remy and Remy were asleep in bed. What will Remy want to do next? , Quinn callously used a gun to end the life of Remy's beloved wife while they were all resting peacefully in bed.  What will Remy want to do next? 
0,711, Remy got very dark because it is late at night. What will Remy want to do next? , Remy's complexion became quite tanned due to the late hour.  What will Remy want to do next? , Remy got very dark because it is late at night. What will Remy want to do next? , Remy's skin looked lovely and dark because of the nighttime.  What will Remy want to do next? 
0,724, Kendall kept the conversation going by asking opened ended questions. What answers will the others respond with? , Kendall actively engaged in the discussion by posing thought-provoking questions.  What answers will the others respond with? , Kendall kept the conversation going by asking opened ended questions. What answers will the others respond with? , Kendall expertly steered the conversation with insightful open-ended queries.  What answers will the others respond with? 
0,775, riley was a distrustful person so he regarded jesse with suspicious eyes. What will happen to Jesse? ," Riley was skeptical of Jesse, eyeing him with a healthy dose of suspicion.  What will happen to Jesse? ", riley was a distrustful person so he regarded jesse with suspicious eyes. What will happen to Jesse? ," Riley's distrustful nature led her to view Jesse with a wary gaze, her eyes narrowing as she tried to read his intentions.  What will happen to Jesse? "
0,799, Remy was telling a story and told it like Casey does. Why did Remy do this? , Remy regaled us with a tale that echoed the adventurous spirit of Casey.  Why did Remy do this? , Remy was telling a story and told it like Casey does. Why did Remy do this? , Remy spun a yarn that was reminiscent of the exciting exploits of Casey.  Why did Remy do this? 
0,802, Bailey told Alex to send the pdf because they didn't want to do it themselves. How would Alex feel as a result? , Bailey instructed Alex to forward the PDF since they didn't feel like handling it themselves.  How would Alex feel as a result? , Bailey told Alex to send the pdf because they didn't want to do it themselves. How would Alex feel as a result? , Bailey requested that Alex send over the PDF because they weren't interested in doing it manually.  How would Alex feel as a result? 
0,877, Riley wanted to see her friend but couldn't and she began to hurt so bad. What will Riley want to do next? ," Riley was longing to catch up with his buddy, but unfortunately, he couldn't make it happen and felt absolutely devastated.  What will Riley want to do next? ", Riley wanted to see her friend but couldn't and she began to hurt so bad. What will Riley want to do next? ," Riley desperately wanted to spend time with her BFF, but unfortunately, she had to hang back and the sadness inside her grew like a wildfire.  What will Riley want to do next? "
0,904, Addison ate their bread and drank a nice glass of water with the bread. What will Addison want to do next? , Addison devoured their bread and washed it down with a refreshing glass of water.  What will Addison want to do next? , Addison ate their bread and drank a nice glass of water with the bread. What will Addison want to do next? , Addison enjoyed a delicious slice of bread with a refreshing glass of water.  What will Addison want to do next? 
0,979, Cameron took Kai's complaints seriously after Kai came to her crying about the event. What will Cameron want to do next? , Cameron gave Kai's grievances due attention once Kai approached him tearfully regarding the incident.  What will Cameron want to do next? , Cameron took Kai's complaints seriously after Kai came to her crying about the event. What will Cameron want to do next? , Cameron listened attentively to Kai's concerns after Kai came to her in tears about what had happened.  What will Cameron want to do next? 
0,1013, Jesse likes going to school and has good grades. Jesse took a big test this morning and did well on the it. How would you describe Jesse's personality? , Jesse is a top performer in school and has been acing his exams. He took a big test this morning and nailed it.  How would you describe Jesse's personality? , Jesse likes going to school and has good grades. Jesse took a big test this morning and did well on the it. How would you describe Jesse's personality? ," Jesse is such a smart cookie! He loves going to school and always does well on his tests. Today, he took a big exam and did amazingly well!  How would you describe Jesse's personality? "
0,1014, The people bullied Sasha all her life. But Sasha got revenge on the people. What will the people want to do next? ," Sasha faced relentless bullying throughout her life, but she ultimately got the better of her tormentors.  What will the people want to do next? ", The people bullied Sasha all her life. But Sasha got revenge on the people. What will the people want to do next? ," Despite being victimized by her peers for as long as she can remember, Sasha managed to overcome her challenges and exact revenge on those who wronged her.  What will the people want to do next? "
0,1017," Addison was going to be working late. To help out, Jesse offered to walk Addison's dog. What will Jesse want to do next? "," Addison was planning to put in some overtime, so Jesse kindly volunteered to take Addison's pup for a stroll.  What will Jesse want to do next? "," Addison was going to be working late. To help out, Jesse offered to walk Addison's dog. What will Jesse want to do next? "," Since Addison had to work late, Jesse sweetly offered to take care of Addison's furry friend for her.  What will Jesse want to do next? "
0,1036, Alex was looking for a knife they dropped. Alex searched the woods. How would Alex feel afterwards? , Alex scoured the woods for the knife he had misplaced.  How would Alex feel afterwards? , Alex was looking for a knife they dropped. Alex searched the woods. How would Alex feel afterwards? , Alex frantically searched the forest for the lost knife she needed for her camping trip.  How would Alex feel afterwards? 
0,1163, Tracy gave it to their friend when their friend asked to see it. What will happen to Others? , Tracy handed over the item to their buddy after their buddy requested to take a look.  What will happen to Others? , Tracy gave it to their friend when their friend asked to see it. What will happen to Others? , Tracy generously shared the item with her friend after her friend asked to see it.  What will happen to Others? 
0,1214," Jesse was feeling very hungry but didn't like the school cafeteria food, so he left the premises with permission. What will Jesse want to do next? "," Jesse was famished and didn't enjoy the grub at school, so he ventured out with approval.  What will Jesse want to do next? "," Jesse was feeling very hungry but didn't like the school cafeteria food, so he left the premises with permission. What will Jesse want to do next? "," Jesse was really craving something tasty, but the cafeteria food just wasn't doing it for him, so he left campus with authorization.  What will Jesse want to do next? "
0,1226," Addison had been practicing for the driver's exam for months. He finally felt he was ready, so he signed up and took the test. How would you describe Addison? "," Addison had been prepping for the driver's exam for months, so he was pumped when he finally felt ready to take the test.  How would you describe Addison? "," Addison had been practicing for the driver's exam for months. He finally felt he was ready, so he signed up and took the test. How would you describe Addison? "," After months of studying for the driver's exam, Addison finally felt confident enough to sign up and take the test.  How would you describe Addison? "
0,1240, Austin took them out for dinner and the others were pleased when he told them to pick something off of the dessert menu. What will happen to Others? ," Austin treated them to a scrumptious dinner, and the guys were thrilled when he offered to buy them desserts from the menu.  What will happen to Others? ", Austin took them out for dinner and the others were pleased when he told them to pick something off of the dessert menu. What will happen to Others? ," Austin took the ladies out for a delicious dinner, and they were delighted when he suggested they each pick out a sweet treat from the dessert menu.  What will happen to Others? "
0,1263, Quinn crossed Lee's arms and posed him for the picture. Why did Quinn do this? , Quinn positioned Lee's arms and posed him for the perfect shot.  Why did Quinn do this? , Quinn crossed Lee's arms and posed him for the picture. Why did Quinn do this? , Quinn lovingly adjusted Lee's arms and secured him in place for an adorable photo opportunity.  Why did Quinn do this? 
0,1289," By telling a bad joke, Lee touched a nerve with the others, who decided they wanted to leave the party and get food. What will Others want to do next? "," Lee's cheesy joke really grated on the others, so they decided it was time to bail and grab some grub.  What will Others want to do next? "," By telling a bad joke, Lee touched a nerve with the others, who decided they wanted to leave the party and get food. What will Others want to do next? "," Lee's inappropriate humor really rubbed everyone the wrong way, so they all decided to leave the party and find something better to do.  What will Others want to do next? "
0,1305," Whenever he was treated by a friend at a restaurant, Austin always ate steak. Why did Austin do this? "," Whenever Austin went out to eat with friends, he always ordered a juicy steak.  Why did Austin do this? "," Whenever he was treated by a friend at a restaurant, Austin always ate steak. Why did Austin do this? "," Whenever Austin was treated by a friend at a restaurant, she always opted for a delicious steak entrée.  Why did Austin do this? "
0,1327, Jordan tried to joke to his kids about their their car breaking down on a roadtrip. How would his children feel as a result? , Jordan cracked a joke about the kids' car breaking down on their road trip to lighten the mood.  How would his children feel as a result? , Jordan tried to joke to his kids about their their car breaking down on a roadtrip. How would his children feel as a result? ," Jordan made a humorous comment about the kids' car trouble on their road trip, hoping to bring some levity to the situation.  How would his children feel as a result? "
0,1331, Aubrey went on a two week camping trip. Aubrey arrived at the campsite. What will Aubrey want to do next? ," Aubrey embarked on a thrilling two-week camping adventure. Upon arrival, Aubrey set up camp at the picturesque campsite.  What will Aubrey want to do next? ", Aubrey went on a two week camping trip. Aubrey arrived at the campsite. What will Aubrey want to do next? ," Aubrey went on an exciting journey of self-discovery during her two-week camping trip. When she arrived at the campsite, Aubrey felt a sense of freedom and empowerment.  What will Aubrey want to do next? "
0,1339, Aubrey was taking a test and thought hard about the answers. What does Aubrey need to do before this? , Aubrey was busting out some serious brain power during his test and was deep in thought about the answers.  What does Aubrey need to do before this? , Aubrey was taking a test and thought hard about the answers. What does Aubrey need to do before this? , Aubrey was totally focused on acing her test and was really thinking hard about the answers.  What does Aubrey need to do before this? 
0,1355, Robin was playing soccer and played for a long time. Why did Robin do this? , Robin was really into soccer and gave it his all for a long time.  Why did Robin do this? , Robin was playing soccer and played for a long time. Why did Robin do this? , Robin was passionate about playing soccer and devoted a significant amount of time to it.  Why did Robin do this? 
0,1368, Carson needed their tools so Kai grabbed their tools and brought it to them. What will Carson want to do next? ," Carson required their equipment, so Kai fetched their gear and delivered it to them.  What will Carson want to do next? ", Carson needed their tools so Kai grabbed their tools and brought it to them. What will Carson want to do next? ," Since Carson needed their tools, Kai kindly grabbed their equipment and brought it over to them.  What will Carson want to do next? "
0,1378, Bailey was in a recital and was performing for a group. Bailey started to play. What will Bailey want to do next? ," Bailey wowed the crowd with his performance during the recital, showcasing his skills on stage.  What will Bailey want to do next? ", Bailey was in a recital and was performing for a group. Bailey started to play. What will Bailey want to do next? ," Bailey shone brightly as he took center stage and performed for the audience, demonstrating his talent and dedication to his craft.  What will Bailey want to do next? "
0,1417, Austin was taking a test and found it difficult at first. How would you describe Austin? ," Austin struggled with the test at first, but he persevered and eventually succeeded.  How would you describe Austin? ", Austin was taking a test and found it difficult at first. How would you describe Austin? ," Austin initially found the test challenging, but he remained focused and was able to complete it successfully.  How would you describe Austin? "
0,1424," Kai stayed home from work, so Kai spent several hours online doing nothing. How would you describe Kai? "," Kai took a day off from work and spent some time surfing the web, killing time.  How would you describe Kai? "," Kai stayed home from work, so Kai spent several hours online doing nothing. How would you describe Kai? "," Kai stayed home from work and spent a few hours browsing online, just relaxing.  How would you describe Kai? "
0,1432, Jordan made their friends laugh because he had a lot of experiences that were very interesting. What does Jordan need to do before this? , Jordan's hilarious stories and experiences had his friends in stitches.  What does Jordan need to do before this? , Jordan made their friends laugh because he had a lot of experiences that were very interesting. What does Jordan need to do before this? , Jordan always had such interesting anecdotes to share that made his friends giggle.  What does Jordan need to do before this? 
0,1481, Kai handed back the computer. They didn't like using a Mac. How would others feel as a result? , Kai passed the computer back to its owner. They weren't too fond of using a Mac.  How would others feel as a result? , Kai handed back the computer. They didn't like using a Mac. How would others feel as a result? , Kai returned the computer to its rightful owner. She wasn't a fan of using Macs herself.  How would others feel as a result? 
0,1558, Quinn rode a motorcycle too fast on the highway and ended up with a ticket. What will Quinn want to do next? ," Quinn took his motorcycle out for a thrill ride on the highway, but it ended up costing him a hefty fine.  What will Quinn want to do next? ", Quinn rode a motorcycle too fast on the highway and ended up with a ticket. What will Quinn want to do next? , Quinn's need for speed on her motorcycle led to an expensive ticket on the highway.  What will Quinn want to do next? 
0,1569, Remy gave the board Casey's interpretation of the facts about the case they had accepted. How would Casey feel as a result? , Remy presented the board with Casey's take on the case details they had acknowledged.  How would Casey feel as a result? , Remy gave the board Casey's interpretation of the facts about the case they had accepted. How would Casey feel as a result? ," Remy shared Casey's perspective on the situation with the board, which they had already accepted.  How would Casey feel as a result? "
0,1601, Carson took lives of chickens for a living on the farm. How would Others feel as a result? , Carson made a living by raising chickens and harvesting their eggs on the farm.  How would Others feel as a result? , Carson took lives of chickens for a living on the farm. How would Others feel as a result? ," As a farmer, Carson was responsible for caring for the chickens and collecting their eggs, providing a vital source of income for the farm.  How would Others feel as a result? "
0,1611," Robin bought Addison a watch for his birthday and after he unwrapped it, Robin helped put the watch on Addison's wrist. Why did Robin do this? "," Robin bought Addison a sleek timepiece for his birthday, and once he unwrapped it, Robin expertly fastened the watch onto Addison's wrist.  Why did Robin do this? "," Robin bought Addison a watch for his birthday and after he unwrapped it, Robin helped put the watch on Addison's wrist. Why did Robin do this? "," Robin gifted Addison a beautiful watch on his special day, and afterward, Robin lovingly secured the watch around Addison's slender wrist.  Why did Robin do this? "
0,1626, kendall went along with jan's friends but didn't invite jan along because they didn't like jan. How would Jan feel as a result? , Kendall went with Jan's friends even though he didn't extend an invitation to Jan because he wasn't a fan of her company.  How would Jan feel as a result? , kendall went along with jan's friends but didn't invite jan along because they didn't like jan. How would Jan feel as a result? , Kendall tagged along with Jan's friends without including Jan in the plans because she felt uneasy about her presence.  How would Jan feel as a result? 
0,1647, Aubrey was practicing her violin all night. How would others feel as a result? , Aubrey put in some serious practice time on her violin last night.  How would others feel as a result? , Aubrey was practicing her violin all night. How would others feel as a result? , Aubrey spent hours perfecting her violin skills under the moonlight.  How would others feel as a result? 
0,1660," Taylor´s friend had to get to the airport but had missed the bus, however Lee was going that direction, so Lee gave Taylor's friend a ride. What will Taylor want to do next? "," Taylor's buddy missed the bus to the airport, but luckily Lee was headed that way, so he gave Taylor's friend a lift.  What will Taylor want to do next? "," Taylor´s friend had to get to the airport but had missed the bus, however Lee was going that direction, so Lee gave Taylor's friend a ride. What will Taylor want to do next? "," Taylor's friend was running late for their flight and had missed the bus, but Lee was going to the airport too, so she offered Taylor's friend a ride.  What will Taylor want to do next? "
0,1669, Alex landed on Taylor's back after being thrown from across the room at the bar. How would Taylor feel as a result? ," Alex soared onto Taylor's back like an eagle, his body sailing through the air before landing gracefully.  How would Taylor feel as a result? ", Alex landed on Taylor's back after being thrown from across the room at the bar. How would Taylor feel as a result? ," Alex landed softly on Taylor's back, his arms wrapping around her like a protective blanket as he recovered from his wild toss across the room.  How would Taylor feel as a result? "
0,1699, Jan had a long intensive labor but gave birth to a daughter that day. How would you describe Jan? ," Jan endured a grueling childbirth experience, but his perseverance was rewarded with the arrival of a beautiful daughter.  How would you describe Jan? ", Jan had a long intensive labor but gave birth to a daughter that day. How would you describe Jan? ," Jan had a challenging yet empowering birthing experience, and she was thrilled to welcome her precious daughter into the world.  How would you describe Jan? "
0,1707, Austin blew a huge cloud of smoke into the air in front of all their friends. Why did Austin do this? ," Austin unleashed a massive plume of smoke into the sky, impressing all his buddies with his badass stunt.  Why did Austin do this? ", Austin blew a huge cloud of smoke into the air in front of all their friends. Why did Austin do this? ," Austin created a huge puff of smoke that floated gently into the air, captivating all their pals with its beauty and grace.  Why did Austin do this? "
0,1732," Ash was nervous, and cringed when they missed a step, but knew that the best thing to do is push forward. They earned a standing ovation. Why did Ash do this? "," Ash felt anxious and winced when he stumbled, but he knew that the key to success was to keep going. He received a standing ovation.  Why did Ash do this? "," Ash was nervous, and cringed when they missed a step, but knew that the best thing to do is push forward. They earned a standing ovation. Why did Ash do this? "," Ash was incredibly self-conscious and blushed when she messed up, but she refused to let it hold her back. She earned a standing ovation for her efforts.  Why did Ash do this? "
0,1760, Remy explained to Aubrey again how upset he was that she didn't show up for dinner. What will Aubrey want to do next? , Remy emphasized to Aubrey how disappointed he was that she failed to appear for dinner.  What will Aubrey want to do next? , Remy explained to Aubrey again how upset he was that she didn't show up for dinner. What will Aubrey want to do next? , Aubrey was reminded by Remy of his hurt feelings when she didn't show up for their planned dinner.  What will Aubrey want to do next? 
0,1796, Remy moved to a new city. They made more friends. Why did Remy do this? , Remy relocated to a new metropolis and expanded his social circle.  Why did Remy do this? , Remy moved to a new city. They made more friends. Why did Remy do this? , Remy transferred to a fresh city and formed valuable friendships.  Why did Remy do this? 
0,1808, Tracy crossed the rubicon because they wanted to cross it and be the best. What does Tracy need to do before this? , Tracy took the plunge because he wanted to prove himself as the best.  What does Tracy need to do before this? , Tracy crossed the rubicon because they wanted to cross it and be the best. What does Tracy need to do before this? , Tracy dared to venture across the rubicon to demonstrate her excellence.  What does Tracy need to do before this? 
0,1809, Alex made Casey escape jail by blowing a hole in the wall so they could go find the buried money. What will happen to Alex? ," Alex rescued Casey from prison by blasting a hole in the wall, allowing them to search for the hidden loot together.  What will happen to Alex? ", Alex made Casey escape jail by blowing a hole in the wall so they could go find the buried money. What will happen to Alex? ," With Alex's daring escape plan, they were able to break out of prison and find the buried treasure, leaving behind the confines of jail and the authorities.  What will happen to Alex? "
0,1829, Aubrey fulfilled Alex's requests. What will Aubrey want to do next? , Aubrey catered to Alex's needs and desires.  What will Aubrey want to do next? , Aubrey fulfilled Alex's requests. What will Aubrey want to do next? , Aubrey went above and beyond to fulfill Alex's wishes.  What will Aubrey want to do next? 
0,1850, Skylar joined Sasha's ranks as one of the only employees to never miss a day of work in 5 years. What will Sasha want to do next? , Skylar impressively became one of the few employees who never missed a day of work in Sasha's five-year tenure.  What will Sasha want to do next? , Skylar joined Sasha's ranks as one of the only employees to never miss a day of work in 5 years. What will Sasha want to do next? ," Skylar proved to be an exceptional employee by consistently reporting to work every day for five years, just like Sasha.  What will Sasha want to do next? "
0,1899, Remy was caught between two groups of protesters that wanted to fight. Remy prevented the people from engaging. How would you describe Remy? ," Remy found himself in a tense situation, sandwiched between two groups of protesters with conflicting views. He took swift action to prevent any physical altercations from breaking out.  How would you describe Remy? ", Remy was caught between two groups of protesters that wanted to fight. Remy prevented the people from engaging. How would you describe Remy? ," Remy was caught in the middle of a heated standoff between two factions of protesters, each demanding their own rights. With a level head and quick thinking, he successfully intervened to stop the situation from escalating into violence.  How would you describe Remy? "
0,1936, Riley was competing in a gymnastics meet. Riley felt worse after she lost. How would you describe Riley? ," Riley was giving it his all in the gymnastics meet, but unfortunately, he came up short and lost. Despite his best efforts, Riley felt a bit down after the competition.  How would you describe Riley? ", Riley was competing in a gymnastics meet. Riley felt worse after she lost. How would you describe Riley? ," Riley was determined to do her best at the gymnastics meet, but she didn't quite hit her mark and ended up placing second. Feeling a bit disappointed, Riley took some time to reflect on what she could improve for next time.  How would you describe Riley? "
